dts,rets,rv
05/07/2000,-0.0105019835858531,7.38341469225148e-05
06/07/2000,0.00806357444403614,9.95135245179513e-05
07/07/2000,0.00562228883733946,6.49554422143233e-05
10/07/2000,0.000318184158406783,6.70926179907534e-05
11/07/2000,0.010353427997134,0.000110571369048601
12/07/2000,0.00586293418362383,6.62566700625697e-05
13/07/2000,-0.00584032240453029,5.47114646974964e-05
14/07/2000,-0.000217867830876163,6.81650180292518e-05
17/07/2000,0.00352705842140637,6.21565116679054e-05
18/07/2000,0.00855105835312833,5.89426345111029e-05
19/07/2000,-0.0104134375333866,9.32230360939693e-05
20/07/2000,0.00262794811965363,0.000114098113888778
21/07/2000,-0.0144821661784094,8.0125531547026e-05
24/07/2000,-0.0090388791059302,9.64162042652196e-05
25/07/2000,0.000432602681747876,8.31384186289385e-05
26/07/2000,-0.00756157050976544,0.000103060565312516
27/07/2000,0.00825361776609087,0.000145316644569964
28/07/2000,-0.0247867201631893,0.000183710530476894
31/07/2000,0.00217863059755473,0.00012033518667997
01/08/2000,0.0126987499124905,0.000125578874930802
02/08/2000,0.0020613436722712,9.46982686178834e-05
03/08/2000,0.000455640902468317,0.00011992024043043
04/08/2000,0.00844527921554182,0.000100427257668451
07/08/2000,0.0114612780810506,5.86285972254795e-05
08/08/2000,0.00991380372072541,4.80863999424071e-05
09/08/2000,-0.00401207709825338,8.28487016877315e-05
10/08/2000,-0.000831006207382824,6.8752781631927e-05
11/08/2000,0.000751868419742234,0.00013025754637851
14/08/2000,0.00718558085109349,7.39398935889283e-05
15/08/2000,0.0185104096582477,0.000227216466982885
16/08/2000,0.00951267433713119,6.73590187188794e-05
17/08/2000,0.00981077527293623,6.60860628763851e-05
18/08/2000,0.00428670521214695,9.03884613756339e-05
21/08/2000,0.00344072995310537,4.667719439448e-05
22/08/2000,0.00703706578187238,5.4847580752848e-05
23/08/2000,-0.00270487414051007,4.60219329783785e-05
24/08/2000,0.00133722584420573,3.65272747155993e-05
25/08/2000,-0.000929193441874519,3.5012060306003e-05
28/08/2000,0.00204266898735032,4.44744719699255e-05
29/08/2000,0.00153816172251388,6.39311950357812e-05
30/08/2000,-0.00641010867369487,4.97283454279781e-05
31/08/2000,0.00208405773169008,4.80424474877744e-05
01/09/2000,-0.00653798043230196,5.75507132738404e-05
05/09/2000,-0.00752969775759821,4.6250416336854e-05
06/09/2000,-0.00338271225510911,0.000102698061966476
07/09/2000,0.00165931740608994,6.12294425863345e-05
08/09/2000,-0.00395587867554678,6.6281678450196e-05
11/09/2000,0.00350283825283407,8.5814490512344e-05
12/09/2000,0.00195925429690007,6.44725672861568e-05
13/09/2000,0.00832054713858913,9.76912632312276e-05
14/09/2000,-0.00199359027350991,4.88011730363321e-05
15/09/2000,-0.0106074792336966,6.45056453384451e-05
18/09/2000,-0.00735198283494468,9.66750822810812e-05
19/09/2000,0.0150346139593994,9.01930984879082e-05
20/09/2000,-0.00444135795987099,0.000152021280360766
21/09/2000,0.00178236710386563,0.000118266210704765
22/09/2000,0.0316388070036145,0.000204153469316322
25/09/2000,-0.0067816879685558,7.58047955403338e-05
26/09/2000,-0.0106810128120308,0.000102610640628833
27/09/2000,-0.0100613690900077,0.000185411083781031
28/09/2000,0.0292552539670997,0.000104659179857518
29/09/2000,-0.0134919395321765,0.000117772641380235
02/10/2000,0.00121831002609933,0.000110160825935555
03/10/2000,-0.017474944614092,0.000106069248749127
04/10/2000,0.00609781556028252,0.000199075005707407
05/10/2000,0.00434980781149092,0.000144325443751432
06/10/2000,-0.0241774893546071,0.000241971186373004
09/10/2000,-0.00207439373103924,0.000128178597084624
10/10/2000,-0.0136936665535419,0.000236823680752298
11/10/2000,-0.0110468252413893,0.000426946744014087
12/10/2000,-0.0212422111374334,0.000661725998979145
13/10/2000,0.0388004672004151,0.000234940534986176
16/10/2000,0.000447274352366541,0.000133306926459358
17/10/2000,-0.028316716989146,0.000176231405285272
18/10/2000,0.00623771618660144,0.000672427154128149
19/10/2000,0.0250008335618132,0.000118255696504568
20/10/2000,0.00299265190737318,0.000102079425266411
23/10/2000,-0.00187588353015064,9.51881095647948e-05
24/10/2000,-0.00623585956429144,0.000148616823330134
25/10/2000,-0.013370803251742,0.00026450726672775
26/10/2000,-0.00824384375711208,0.000344142613817162
27/10/2000,0.00815901786000799,0.000253608872501256
30/10/2000,0.00583069288929443,0.000141126630745677
31/10/2000,0.0261868105159947,7.70677461861242e-05
01/11/2000,-0.00626287351206054,0.000118018590905933
02/11/2000,-0.00849928434408601,0.000143682665759918
03/11/2000,-0.0125677475624577,0.000127219760369315
06/11/2000,0.00348480847571428,5.97583959481994e-05
08/11/2000,-0.00381030998908009,0.000170637061599075
09/11/2000,0.00292018121423547,0.000312385860788147
10/11/2000,-0.0157664047223927,0.000246454958721865
13/11/2000,0.00461741444190121,0.000388402448244735
14/11/2000,0.0031534194282867,0.000296945642415382
15/11/2000,-0.00336057499741336,0.000186649024994999
16/11/2000,0.00419959932204022,0.00016087212809484
17/11/2000,-0.0043217620935255,0.000224895713786772
20/11/2000,-0.0278629920389249,0.000231177031947573
21/11/2000,-0.00277832189109492,0.000230418759387336
22/11/2000,-0.00178231932058818,0.000218228253135484
27/11/2000,0.00424269559235044,0.000103429464780482
28/11/2000,-0.0046744722819372,0.000243804043673768
29/11/2000,0.0136324091152087,0.000239901938165875
30/11/2000,-0.00560681327039599,0.000392795785481232
01/12/2000,-0.0180339371025884,0.000159000946986814
04/12/2000,-0.00164019658891996,0.000368692042390316
05/12/2000,0.0178218713397429,0.000169352607100687
06/12/2000,-0.0225740060873272,0.00026332291994576
07/12/2000,0.00751262238638089,9.2262796661535e-05
08/12/2000,-0.00795814269084447,0.000370116607043114
11/12/2000,0.00344184771351051,0.00010958445185837
12/12/2000,-0.00587677149575189,9.40483840482446e-05
13/12/2000,-0.0311591255545804,0.000200615551839888
14/12/2000,-0.0116762360202558,0.000179918919364371
15/12/2000,-0.00946199250013001,0.000236495109962055
18/12/2000,-0.0122306666907474,0.00019118916675144
19/12/2000,-0.0126071799888437,0.000394437665632255
20/12/2000,-0.0150098067668855,0.000429433855466105
21/12/2000,0.0211666724760684,0.000430123685790887
22/12/2000,0.00554879864643763,0.000167170430421751
26/12/2000,0.00926284344503892,0.000129178548232763
27/12/2000,0.015453070249287,0.000194703812522025
28/12/2000,0.00339580162532487,7.21635849332827e-05
29/12/2000,-0.0175761038509932,0.00014001529688243
02/01/2001,-0.0316866568864391,0.000193225597862678
03/01/2001,0.0373307044414381,0.00285644551029376
04/01/2001,-0.00918923458550017,0.000230849274045392
05/01/2001,-0.00969038628923754,0.000377636512827417
09/01/2001,-0.00668576196014583,0.000182401514869612
10/01/2001,0.0219427429093988,0.000157955474183844
11/01/2001,0.0184448273516339,0.000132490858397431
12/01/2001,0.00747687481842931,0.000158188229041036
16/01/2001,0.00934137247348756,0.000112972436577059
17/01/2001,-0.015259224126703,0.000127955514113703
18/01/2001,0.00574882773664819,0.000103101901009026
19/01/2001,-0.0190795474476942,0.00015840812413508
22/01/2001,0.00231744365927299,0.00013363685187963
23/01/2001,0.0248488335357665,0.00010026822035363
24/01/2001,0.00228200759038784,0.000107683586262931
25/01/2001,-0.00541416328597648,9.55981081601359e-05
26/01/2001,-0.000101857360509006,0.00010852972307258
29/01/2001,0.0127189458422923,4.11049620335198e-05
30/01/2001,0.00936155816147474,7.93305930436417e-05
31/01/2001,0.00267385822319621,0.000108377582652486
01/02/2001,0.00637210866381514,0.000105177004676063
02/02/2001,-0.0063874271685769,0.000183889539815014
05/02/2001,0.00739217564229138,8.8585492059537e-05
06/02/2001,-0.00286568557337394,4.94219178678037e-05
07/02/2001,-0.00622174479615904,0.000107606635242073
08/02/2001,-0.00440118413687233,9.13214292131178e-05
09/02/2001,-0.00860181871388981,7.29031687652332e-05
12/02/2001,0.0165657989148959,8.00406089310477e-05
13/02/2001,-0.0097225086054783,8.18796265607616e-05
14/02/2001,-0.00407538115432196,0.000130188086324686
15/02/2001,0.0130266761324645,0.000115873597716874
16/02/2001,0.00315898562617662,8.75620788536393e-05
20/02/2001,-0.0141563008376666,9.9701782160241e-05
21/02/2001,-0.0071657429419909,0.000185451358003389
22/02/2001,0.00391786117697872,0.000466284751106184
23/02/2001,0.00240550133816192,0.000384606435366516
26/02/2001,0.00988826063956443,0.000152805181961233
28/02/2001,-0.0210294145958259,0.000269374442988198
01/03/2001,0.00468696854293036,0.000365422873897457
05/03/2001,0.00177119542973275,0.000100242868954647
06/03/2001,-0.00753581009007343,7.82488358681753e-05
07/03/2001,-0.00649613740871241,0.000125917837370686
09/03/2001,-0.0215125882578696,0.000241096000761441
12/03/2001,-0.0255330712638456,0.00037508871923566
13/03/2001,0.00401154917701589,0.000279466435931082
14/03/2001,0.00900322139504794,0.000610996926004666
15/03/2001,-0.0109431489861941,0.000190575546607226
16/03/2001,-0.0210500825512591,0.000282029092661601
19/03/2001,0.0158578043857754,0.000170627004655765
20/03/2001,-0.0212408892709385,0.000420776404799454
22/03/2001,0.00667045029756565,0.000777953206943034
23/03/2001,0.00950808978887733,0.000388958903489511
26/03/2001,0.00536006397388677,0.000139039030325071
27/03/2001,0.0269732912769653,0.000162419376010813
28/03/2001,-0.011848095020814,0.00021002883511551
29/03/2001,0.0155037531967833,0.00065445089135051
30/03/2001,0.0106577068752834,0.000302857294113922
03/04/2001,-0.0271781312536514,0.000359460764903088
04/04/2001,-0.00451987316049896,0.000520332871976561
05/04/2001,0.0132802391913052,0.000161115163242621
06/04/2001,-0.0250074282535455,0.00041263407161729
09/04/2001,0.00504359468089973,0.000232751134224849
10/04/2001,0.0107797805710419,0.000132389193495458
11/04/2001,-0.0147564218308409,0.000180998898664099
12/04/2001,0.0163277247818952,0.000179449614332394
16/04/2001,-0.000681801804429926,0.000165265521567121
17/04/2001,0.0181951148747941,0.000211599493358972
19/04/2001,0.0135917953957878,0.000147329846661818
20/04/2001,0.00440800919842171,0.000137537648279857
23/04/2001,-0.00357716951278534,0.000118730935796866
24/04/2001,-0.0110330764179705,0.000144414347137408
25/04/2001,0.0143704459325188,0.000150269765109117
26/04/2001,0.00550062807557817,0.0001289745835583
27/04/2001,0.00170452865890446,0.000108635114340588
30/04/2001,-0.011494997286125,0.000107802364669444
01/05/2001,0.0121634758826213,0.000153167967794862
02/05/2001,0.00161727719098848,0.00012532721864351
03/05/2001,-0.00677567299188519,0.000140329566243913
04/05/2001,0.0172015050501369,0.000163538955363661
07/05/2001,0.00768443147381759,0.000131488255749375
08/05/2001,-0.0047909082244599,8.90138506233461e-05
09/05/2001,0.0137445266594159,9.04078093144694e-05
10/05/2001,-0.00734760999395737,6.86313835157474e-05
11/05/2001,0.00176573670661654,8.7802589984795e-05
14/05/2001,-0.000732703783661641,5.17508181197624e-05
15/05/2001,0.00168010262253021,0.000111999791867555
16/05/2001,0.0317217642690857,0.000106353726112083
17/05/2001,-0.00163487133087765,0.000100837691294833
18/05/2001,0.00487798640265904,6.24222959384663e-05
21/05/2001,0.01597007815725,9.25503597203843e-05
22/05/2001,0.000901335592669685,7.65913819973989e-05
23/05/2001,-0.013867502128845,7.77655844809855e-05
24/05/2001,0.0281974137348525,0.00104707727614471
25/05/2001,-0.0062397078078008,6.44125795164749e-05
29/05/2001,-0.00450656017637485,6.21581038592443e-05
30/05/2001,-0.0111356536362327,9.37169424982397e-05
31/05/2001,0.00770527808648718,9.09006721239136e-05
01/06/2001,-0.000590792296889661,9.96443798974972e-05
04/06/2001,0.00733604744995603,5.35122905732511e-05
05/06/2001,0.0112620269410873,5.91158660224625e-05
06/06/2001,-0.0132820007924844,9.62951263530727e-05
07/06/2001,0.0100911953206201,7.8188641720084e-05
11/06/2001,-0.0095620349265014,3.75817067728585e-05
12/06/2001,0.0060935250677065,9.23885672599164e-05
13/06/2001,-0.0126217006616608,7.2697722064851e-05
14/06/2001,-0.0117656080197969,8.64904509668636e-05
15/06/2001,0.0102929262458042,0.000148304927118521
18/06/2001,-0.00394827411602564,8.66720578567979e-05
19/06/2001,-0.00450548160657857,9.4194771204343e-05
20/06/2001,0.017029972325018,9.56819139517401e-05
21/06/2001,0.0148291103527429,0.000110275205108183
22/06/2001,-0.0046080656291804,8.2542311736446e-05
25/06/2001,-0.0102823629514085,6.15587769774158e-05
26/06/2001,0.00876542941107371,9.46464963886573e-05
27/06/2001,-0.00146902175590712,0.000115668527731331
29/06/2001,0.000481545560234543,8.3221618827648e-05
02/07/2001,0.00295914908972223,6.32104607049071e-05
05/07/2001,-0.00459114100301841,5.29145258862831e-05
06/07/2001,-0.0201035783587513,9.85925446716392e-05
09/07/2001,0.00564675203188335,5.80075404457629e-05
10/07/2001,-0.0184096664066594,9.76856121360502e-05
11/07/2001,0.00234782950503332,0.000174848279507553
12/07/2001,0.0105215571539176,5.7293678886411e-05
13/07/2001,0.0110467163238434,7.45648025586431e-05
16/07/2001,-0.00130194921859565,7.24163208888738e-05
17/07/2001,0.0122655171834693,9.4433574393745e-05
18/07/2001,0.00262150540867611,0.0001079196570597
19/07/2001,-0.00582201229618028,0.000110957795746477
20/07/2001,0.000899467154713529,6.7333083095399e-05
23/07/2001,-0.0213999645959551,0.000110724395698021
24/07/2001,-0.0126165208288433,0.000120329056021587
25/07/2001,0.010448998843859,0.000101717796736359
26/07/2001,0.0129172692281937,7.92123285730402e-05
27/07/2001,0.0011166023673167,8.18156510104481e-05
30/07/2001,-0.00197651955175068,5.80187466392905e-05
31/07/2001,0.00706950865792343,6.58635411538037e-05
01/08/2001,-0.0103464932365069,0.000149015912424039
02/08/2001,-0.00945258272697667,4.8581055338416e-05
03/08/2001,-0.0092627812633769,9.16330502029685e-05
06/08/2001,-0.00695143490801334,4.63694138188534e-05
07/08/2001,0.00469701424289203,4.1423016711482e-05
08/08/2001,-0.0120423107509857,7.02194347916947e-05
09/08/2001,-0.00598983087039094,0.000112948414325037
10/08/2001,0.00176470646027862,0.00012215753327028
13/08/2001,-0.00083526832298239,5.81402364390319e-05
14/08/2001,-0.00728519385621441,6.18898668267468e-05
15/08/2001,-0.00841360360709,7.99251326921922e-05
16/08/2001,0.00848190768740912,0.000125956057327099
17/08/2001,-0.00537618689298362,8.47578450495712e-05
20/08/2001,0.00395370730198303,4.9525991790815e-05
23/08/2001,-0.00533539955980607,6.17879091607331e-05
24/08/2001,0.0165048177319234,9.05723404496651e-05
27/08/2001,-0.00554304932849367,5.23189230886504e-05
28/08/2001,-0.0152290410316597,7.45362915751132e-05
29/08/2001,-0.00746219217397568,0.000125866157267371
30/08/2001,-0.0114019756591574,0.000165488010379552
31/08/2001,0.00362148462007074,0.000140980880823969
04/09/2001,0.00990172397513056,0.000230163496833752
05/09/2001,-0.00438310745553826,0.000271760995772546
06/09/2001,-0.0141987169140474,0.000221702091613017
07/09/2001,0.00106066440931621,0.000287197229942111
17/09/2001,0.00214536275384157,0.00390337299261837
18/09/2001,-0.000105837480172834,0.000128034250262313
19/09/2001,-0.0205958055539804,0.000598204022671037
20/09/2001,-0.0159338918196914,0.00041842704979042
21/09/2001,0.0281429874282892,0.000925722645595727
24/09/2001,0.00406274754939658,0.000162700244607156
25/09/2001,0.0091795447651161,0.000232972807209421
26/09/2001,-0.0272253038139234,0.000409191003997793
27/09/2001,0.0107526763436728,0.000194024627483102
28/09/2001,0.00371044888571521,0.000209553667064591
01/10/2001,0.00203215640925137,0.000108104486636475
02/10/2001,0.0134948408390173,0.000136472192193692
03/10/2001,0.025020168760812,0.000210390497156373
04/10/2001,-0.0181742217202658,0.000278680945244904
05/10/2001,-0.00267307274693926,0.000227919596477979
09/10/2001,-0.00566350019278153,0.00011566480979596
10/10/2001,0.0283879594085638,0.000122994983073931
11/10/2001,0.00972988269991752,0.000156237489763896
12/10/2001,-0.00239130138866262,0.000431301892407073
15/10/2001,0.00560754857210907,9.49153091026677e-05
16/10/2001,0.00756544848413089,0.000138084556964343
17/10/2001,-0.02258744890842,0.000220565707402247
18/10/2001,-0.00489864656263803,0.00014106949936302
19/10/2001,0.00476089111500468,8.61800179583625e-05
22/10/2001,0.0212674960327943,9.98585364484284e-05
23/10/2001,-0.00659855429178112,0.000128173399181473
25/10/2001,0.0242081324026254,0.00019699290428084
26/10/2001,0.00725389529116679,0.00013283765007184
29/10/2001,-0.0159260684390502,0.000154097781577643
30/10/2001,-0.00501632832170052,0.000245828547262382
31/10/2001,-0.000573411586763341,0.000165579197822695
01/11/2001,0.0200858949833223,0.00024338523124218
02/11/2001,0.0043899314632952,0.000107769648639242
05/11/2001,0.00196691237818593,7.57449972577819e-05
06/11/2001,0.014478925307246,0.000126827523780857
08/11/2001,-0.00109479312972245,0.000103507483729765
09/11/2001,0.00168086676540816,0.000152173226049342
12/11/2001,0.00937436615621015,0.000247503275829309
13/11/2001,0.00420429304352282,7.30774892791829e-05
14/11/2001,0.00400585326757833,7.63318710182865e-05
15/11/2001,0.00433165543298137,9.87430965061356e-05
16/11/2001,-0.0073369845094972,8.21592443758959e-05
19/11/2001,0.00583926655701355,6.3575771891679e-05
20/11/2001,-0.00733647073223861,7.84991854509001e-05
21/11/2001,-0.00609290475941551,5.96565851648871e-05
26/11/2001,0.00404405769082465,5.10395058383971e-05
27/11/2001,-0.00374931064682331,0.000160453784017418
28/11/2001,-0.0127577970651387,0.00013760771319156
29/11/2001,0.0195760054430603,0.000149732716398764
30/11/2001,0.00114108202561161,5.52624262745086e-05
03/12/2001,-0.00191895855563405,8.23680972414147e-05
04/12/2001,0.00965087098805969,4.0973698832058e-05
05/12/2001,0.0138741273282303,7.16457486566278e-05
06/12/2001,-0.00121892563886757,5.88715081085314e-05
07/12/2001,-0.00555309605930536,6.27857530089541e-05
10/12/2001,-0.0123056975184896,5.80721038690055e-05
11/12/2001,-0.0051824353055979,5.56483049560956e-05
12/12/2001,-3.66648598882089e-05,9.10490445324232e-05
13/12/2001,-0.00990863725178517,9.87539385606802e-05
14/12/2001,0.00791446331932938,9.40598145979142e-05
17/12/2001,0.00596927978886057,5.40947690957221e-05
18/12/2001,0.0015425543300691,5.39954657689705e-05
19/12/2001,0.0130642053653818,7.33042739737432e-05
20/12/2001,-0.012015167141629,4.81904754147026e-05
21/12/2001,-0.00476990433810589,2.50979784474019e-05
26/12/2001,0.00122109613034785,5.26274634561128e-05
27/12/2001,0.00760713596339406,2.7773823653654e-05
28/12/2001,-0.000736678398752345,3.37979449108296e-05
31/12/2001,-0.0117958042566164,4.78569400468535e-05
02/01/2002,0.00254830847669261,0.000103348893773833
03/01/2002,0.00799972651488902,4.67565503602889e-05
04/01/2002,0.00520679420544162,0.000102432304123676
07/01/2002,-0.00933653519628834,4.84990113401615e-05
08/01/2002,0.000953897755465478,8.78837553009642e-05
09/01/2002,-0.00921611604079507,0.00010907366739624
10/01/2002,0.00223589760574203,5.46089407920823e-05
11/01/2002,-0.00579428493518836,6.66926463691785e-05
14/01/2002,-0.0044399477513577,4.33593744902118e-05
15/01/2002,0.00131470429686184,6.57540626868212e-05
16/01/2002,-0.0122158339850505,7.1906566617897e-05
22/01/2002,-0.00771737899111091,6.50061163543609e-05
23/01/2002,0.00889223854255252,6.40251031980889e-05
24/01/2002,0.00032612520838104,6.29576102262981e-05
25/01/2002,0.00414870509101787,6.05977084034617e-05
29/01/2002,-0.0344990528370758,0.000126407895777979
30/01/2002,0.0264764332427528,0.000378997472038589
31/01/2002,0.0107422647155526,9.01037536223076e-05
04/02/2002,-0.0259593956615825,9.79175837631364e-05
05/02/2002,-0.00165848895065006,0.000214384969129823
06/02/2002,-0.00263617743152464,0.000180473051364333
07/02/2002,0.00160598932641485,0.000162023528247503
08/02/2002,0.015723637507483,0.000103191253956892
11/02/2002,0.020241613437439,4.74267733400811e-05
12/02/2002,0.000960836704811419,5.00014891846276e-05
13/02/2002,0.0130146168134394,7.2683859562573e-05
14/02/2002,-0.00136935650223928,7.58016396319055e-05
15/02/2002,-0.0146226939556349,0.000100963669560658
19/02/2002,-0.0121348437804828,9.03784825663005e-05
20/02/2002,0.0110224904956806,0.000105406229225551
21/02/2002,-0.0093567860759689,0.000123357603171952
22/02/2002,0.00865775290060148,0.000157924988078719
25/02/2002,0.0147627133031233,7.83971063745186e-05
26/02/2002,0.000678465362631363,0.000103134491684541
27/02/2002,-0.0104496790048505,0.000109493777008524
28/02/2002,-0.00265538889608316,0.00010211818145169
01/03/2002,0.0181271600689425,8.8386520643104e-05
04/03/2002,0.0164297254907506,7.8022439307332e-05
05/03/2002,0.00211532075943911,0.000105518895434899
06/03/2002,0.013355135168619,8.13882374539314e-05
07/03/2002,-0.00742209562542797,0.000118338242159866
08/03/2002,-0.00303614040216693,7.38936077949353e-05
11/03/2002,0.00345587655097951,4.07510310254632e-05
12/03/2002,0.00862722113433207,6.01411800599174e-05
13/03/2002,-0.00318370227339818,6.34511334858378e-05
14/03/2002,-0.00270143508051076,4.2233716340027e-05
15/03/2002,0.00782115688187458,4.90195756567985e-05
18/03/2002,-0.00337488532357721,5.81491710857872e-05
19/03/2002,0.00196329306497329,5.50315239266171e-05
20/03/2002,-0.00901184567634788,3.83448888111098e-05
21/03/2002,0.0041195783998493,7.23497872704394e-05
22/03/2002,-0.0038879363975313,7.18776504582097e-05
25/03/2002,-0.0170109905639553,5.73284574829155e-05
26/03/2002,0.00553717912709439,0.000100624922134208
27/03/2002,0.00654163227554571,5.84944407842933e-05
28/03/2002,-0.00140336002332013,6.28846704052756e-05
01/04/2002,0.00497913490618048,4.45680602225338e-05
02/04/2002,-0.00148321831186234,5.87126463250248e-05
03/04/2002,-0.00633204657654715,5.09274335130603e-05
04/04/2002,0.00221365675835667,6.20304829074995e-05
05/04/2002,-0.00252075653434396,5.6171785025938e-05
08/04/2002,0.0139872951787189,6.09612033698778e-05
09/04/2002,-0.0114434266216777,5.55663471329916e-05
10/04/2002,0.0111699149682444,6.20140305321007e-05
11/04/2002,-0.0185674671796344,9.86911563220596e-05
12/04/2002,0.00152104269771492,5.88860699358e-05
15/04/2002,-0.00879736857214596,7.56548633577786e-05
16/04/2002,0.0126955889740604,3.90762130710291e-05
17/04/2002,-0.00125278794347829,4.90966221725386e-05
18/04/2002,-0.00265285867547566,0.000207388073263763
19/04/2002,-0.00494640147410128,4.25338255555061e-05
22/04/2002,-0.0151239484273339,4.0847358836669e-05
23/04/2002,-0.0079963936368064,7.40594938694017e-05
24/04/2002,-0.00542284761874447,8.61722983040202e-05
25/04/2002,0.00282522523460956,8.41767197011154e-05
26/04/2002,-0.0290840125633143,0.000173732167768922
29/04/2002,-0.00884201082588883,0.000100320685107284
30/04/2002,0.0116352198063516,8.86989021425238e-05
01/05/2002,0.00542975304030133,0.000107281572524245
02/05/2002,-0.0038178673660953,0.000108717095972306
03/05/2002,-0.0112933392988442,8.06264608682762e-05
06/05/2002,-0.0190948934688471,9.14492902265223e-05
07/05/2002,-0.00453563835594751,8.81938927256282e-05
08/05/2002,0.0143051685267012,7.99939902717564e-05
09/05/2002,-0.0103351211644857,0.000116970459208649
10/05/2002,-0.0121109193960345,0.000109395435231165
13/05/2002,0.0137415339304759,8.54500277314001e-05
14/05/2002,0.00271943932693838,5.68437432426528e-05
15/05/2002,0.00166453179573764,0.000126311499445888
16/05/2002,0.00551973040917693,6.31321301638756e-05
17/05/2002,0.00357431379117778,6.60307576346747e-05
20/05/2002,-0.0079700706443728,5.33506510462348e-05
21/05/2002,-0.0132783766698904,7.04142591332844e-05
22/05/2002,0.00580237765407914,9.83896756580632e-05
23/05/2002,0.00499309351475314,7.5941439336389e-05
24/05/2002,-0.00830222851906308,5.74781640276784e-05
28/05/2002,-0.0100342928795761,6.80535219874357e-05
29/05/2002,-0.00372827828148346,3.93480409202019e-05
30/05/2002,0.00503959853793812,7.959680180756e-05
31/05/2002,-0.00149081645663164,6.88425183281025e-05
03/06/2002,-0.0291820876019324,0.000151632556158946
04/06/2002,0.000254817720847175,0.000194260924815281
06/06/2002,-0.0191014532029356,0.000114347376676831
07/06/2002,0.0143924428548621,0.000154229979108069
10/06/2002,0.00773188163275277,0.000136711615144408
11/06/2002,-0.0231934873296111,0.000105563989512031
12/06/2002,0.00756556719949226,0.000299968811837789
13/06/2002,-0.00201897114776278,0.000118563405975704
14/06/2002,0.0176477801734569,0.000381003816039943
17/06/2002,0.0212127707954556,0.000101205668063657
18/06/2002,0.00819157938762633,9.87343273771805e-05
19/06/2002,-0.00837187914256592,0.000121762241199449
20/06/2002,-0.0103320624600049,0.000191465488165259
21/06/2002,-0.00951789707292092,0.000164773913754059
24/06/2002,0.0119550202394974,0.000297947476508442
25/06/2002,-0.0213877218810216,0.000205526127325222
26/06/2002,0.0154365944228955,0.000514027577147769
27/06/2002,0.00808625932639872,0.000278896242554973
28/06/2002,0.000795671843062119,0.000156229441168283
01/07/2002,-0.016202704745522,0.000162619558476187
02/07/2002,-0.0206910656244211,0.000326074160085733
03/07/2002,0.0146479931502543,0.000289361638214875
08/07/2002,-0.00749520041367655,0.000189109847282742
09/07/2002,-0.0249397029728004,0.000231677020565406
10/07/2002,-0.0374689827983971,0.000354205259212522
11/07/2002,0.0253672365035177,0.000642404440271813
12/07/2002,-0.0110202336723715,0.00039428577023533
15/07/2002,0.00264467498814544,0.000639941970158353
16/07/2002,-0.00365193807175301,0.000625792415929722
17/07/2002,-0.0146583191901098,0.000545526484376521
18/07/2002,-0.0304886308054039,0.000309618133948057
19/07/2002,-0.0269727976254809,0.000377701089426875
22/07/2002,-0.0178666479640142,0.00127978183158578
23/07/2002,-0.0251786459138887,0.00106690720521709
24/07/2002,0.0820394204617143,0.00132249775582863
25/07/2002,-0.00474757877019633,0.00131697309445687
26/07/2002,0.00904542704602864,0.000509668236096845
29/07/2002,0.0339120672830764,0.000272755135674679
30/07/2002,0.021843135608467,0.000399668428622427
31/07/2002,0.00874948235317852,0.000341481520184681
01/08/2002,-0.0265566959463047,0.000332975955165348
02/08/2002,-0.0166870698360314,0.00041030585237852
05/08/2002,-0.027328835656341,0.000253698767905098
06/08/2002,0.0270237396502008,0.000727527022363815
07/08/2002,0.00126282738786734,0.000349011666872554
08/08/2002,0.0290765178956553,0.000347351386711015
09/08/2002,0.00793156936233678,0.000288650637377193
12/08/2002,0.00507798722174241,0.000163463127196958
13/08/2002,-0.0117528670810698,0.000274154529437644
14/08/2002,0.0503172318086552,0.000515664180447354
15/08/2002,0.000173863060725983,0.000441330326219958
19/08/2002,0.0209735692362799,0.000150476993778094
20/08/2002,-0.0082866997785293,0.000169292455174336
21/08/2002,0.00153792441066631,0.000323820809545954
22/08/2002,0.0128952525696627,0.000185386968819005
23/08/2002,-0.0117386756508001,0.000141273396553388
26/08/2002,0.00502855256950361,0.000171671635405099
27/08/2002,-0.0153328918406306,0.000240829605416935
28/08/2002,-0.00949299101344744,0.000138577852759052
29/08/2002,0.01259342376653,0.000245899419437633
30/08/2002,0.00411866881163286,0.000184568262520765
03/09/2002,-0.0260814836209482,0.000200569688063994
05/09/2002,-0.0030342568361964,0.000246250295876618
06/09/2002,-0.000931705301647791,0.000201369378421671
09/09/2002,0.0199075135142971,0.000171167266372103
12/09/2002,-0.0129884820344236,0.000108691867970027
13/09/2002,0.00472372343802131,0.000232082474352377
16/09/2002,0.00676195288332577,0.000148542122157417
17/09/2002,-0.0308465030652535,0.000198693437655401
18/09/2002,0.00474945858451678,0.000275781055407249
19/09/2002,-0.00904613557977802,0.000198006968643375
20/09/2002,-0.00139511991920669,0.000204451270645851
23/09/2002,-0.000470948598755588,0.000264733134050895
24/09/2002,-0.011432389828504,0.000435833080559957
25/09/2002,0.00991798620964827,0.000263429398712769
26/09/2002,0.0130121468363238,0.000252607674958986
27/09/2002,-0.0249900224615502,0.000220538860115981
30/09/2002,-0.002611970785488,0.000513492600906993
01/10/2002,0.0291284271561754,0.000384377444558711
02/10/2002,-0.0170460364129524,0.000384594824299508
03/10/2002,-0.0212021574086504,0.000465078301204921
07/10/2002,-0.0123359577230388,0.000448565504851309
08/10/2002,0.0125456747576227,0.00063045887971476
09/10/2002,-0.0121457696848745,0.000554756632503331
10/10/2002,0.0295007719775996,0.00053262436162173
11/10/2002,0.0160807657283629,0.000389828002874108
14/10/2002,0.0122557622314366,0.00028941795421581
15/10/2002,-0.00667403687271576,0.000680864295837814
16/10/2002,-0.0091137831293543,0.000214187393632944
17/10/2002,-0.00696848396674522,0.000177116697166626
18/10/2002,0.0184770438558389,0.000195331120723354
21/10/2002,0.0262639072740291,0.000175664211664924
23/10/2002,0.00909491869534637,0.000230429285272885
24/10/2002,-0.0236573221693266,0.000278958005760054
25/10/2002,0.0229960738762396,0.000225533160946648
28/10/2002,-0.0150055894911988,0.000194853366395729
29/10/2002,-0.00537225970954625,0.000317624102707118
30/10/2002,0.00285346888359906,0.000210173608306039
01/11/2002,0.0184954089603473,0.000209452593481581
04/11/2002,-0.0087122293994475,9.51810079733474e-05
05/11/2002,0.0101854307162545,0.000118675354403072
06/11/2002,-0.000974570545457837,0.00039089320634815
07/11/2002,-0.0120163224132963,0.000170918915282372
08/11/2002,-0.00627522662317073,0.000193708121217485
11/11/2002,-0.0171141991507,0.000125011789575139
12/11/2002,0.00107090972427898,0.000125300029176006
13/11/2002,0.000673574985509405,0.000345430757186086
14/11/2002,0.00378955990462117,0.000106853649877644
15/11/2002,0.0200060177865031,0.000178693092259708
18/11/2002,-0.0189486128866167,9.91421773256909e-05
19/11/2002,0.00653456377066022,0.000126384018159009
21/11/2002,0.0167341000368997,0.00012190207575962
22/11/2002,0.00444542778725702,8.92973022501524e-05
25/11/2002,0.00450190327160656,0.00011526321272557
26/11/2002,-0.00764564271981496,0.000106454617196168
27/11/2002,0.0193634584916382,0.000118534987431981
02/12/2002,-0.0159730701377923,0.000200319401300873
03/12/2002,0.00173268275342886,0.000115993001080831
04/12/2002,0.0035002236874057,0.00019368876794576
05/12/2002,-0.0137337515239133,0.000120792940211506
06/12/2002,0.0214423804035013,0.000166093492869808
09/12/2002,-0.0171073316542816,0.000107288139195712
10/12/2002,0.00851175877381025,8.40176887114681e-05
11/12/2002,0.00630511621138871,0.000107798159741308
12/12/2002,-0.00624838277351263,0.000146196323998202
13/12/2002,-0.0078265093485209,0.000106992393755562
16/12/2002,0.0229089801320683,7.94890034794323e-05
17/12/2002,-0.0038175614729503,6.85388366619496e-05
18/12/2002,-0.00579451694171855,9.23558725816191e-05
19/12/2002,-0.00316287949870587,0.000132253301836376
20/12/2002,-0.000613241394314886,7.05892569285295e-05
23/12/2002,0.00067421859847683,8.76430055580675e-05
26/12/2002,-0.00916008682777447,9.15590528576305e-05
27/12/2002,-0.0152485924642749,8.60642269843458e-05
30/12/2002,0.00356808073447672,9.08424029696935e-05
31/12/2002,0.0111643747554203,0.000116109371409634
02/01/2003,0.0239647840824931,0.000196490635179239
03/01/2003,0.000824913221888799,9.7495831975541e-05
07/01/2003,-0.00403370292043342,0.00011447592493745
08/01/2003,-0.0122854737351428,9.19998278831616e-05
09/01/2003,0.00886320025531381,6.83294822046108e-05
10/01/2003,0.0108475651043061,0.00011773829944384
13/01/2003,-0.00908075355313494,9.01243656779611e-05
14/01/2003,0.00624305650283886,7.4647519773035e-05
15/01/2003,-0.0144920589211049,7.46346285798952e-05
16/01/2003,-0.00628317696622455,8.7276090728488e-05
22/01/2003,-0.00919739698744195,9.92234453663416e-05
23/01/2003,0.00610409042087586,0.000113846405216475
24/01/2003,-0.0292599124101773,0.000165965275759629
27/01/2003,-0.010359502657866,0.000229253609182193
28/01/2003,0.00634430478223477,0.000120590525649086
29/01/2003,0.0215868445556778,0.00016774302362156
30/01/2003,-0.0242581852317132,0.000139217504837578
31/01/2003,0.0150955438005433,0.000182282839810614
03/02/2003,9.68224018623315e-05,0.000156942068742444
04/02/2003,0.00115272299592107,0.000101776169716181
05/02/2003,-0.00786332847498929,0.000205723414379666
06/02/2003,-0.00163539239677767,0.000206398195944437
07/02/2003,-0.0252649628000638,0.000178328953767014
10/02/2003,0.00367233384531385,0.000138044440899175
11/02/2003,-0.0141154535310943,9.26110354274529e-05
12/02/2003,-0.00840149223899515,0.00011555339470853
13/02/2003,-0.00440166377875484,0.000208529283540914
14/02/2003,0.0230308540683437,0.000194756623477806
18/02/2003,0.00915366341778079,9.75362029849253e-05
19/02/2003,-0.000910590464025201,8.96779572787296e-05
20/02/2003,-0.0122387188300547,7.78699635263264e-05
21/02/2003,0.00763642101340198,0.000166750724383385
24/02/2003,-0.0192213102729708,8.46843575841734e-05
25/02/2003,0.0133937475248057,0.00016732578746848
26/02/2003,-0.011837465659745,0.00011320305439958
27/02/2003,0.00253713119518959,0.000167696047974513
28/02/2003,-0.00258794346719239,0.000114170908789629
03/03/2003,-0.0196524354798098,0.000101974138735046
04/03/2003,-0.0156908013749798,6.61386225964876e-05
05/03/2003,0.0141990418884562,0.000142738402426416
06/03/2003,-0.00350611507751778,0.000116688576598758
07/03/2003,0.0173604088096557,0.000391188125538637
10/03/2003,-0.0174665507624951,7.77603740261705e-05
11/03/2003,-0.0124655709087252,0.000140852856839031
12/03/2003,0.00635084573324143,0.000198313715195031
13/03/2003,0.00956957856667857,0.00027357093200062
14/03/2003,-0.00490870305065194,0.000275291163326894
17/03/2003,0.0355892346580726,0.000351619967704362
18/03/2003,0.00101387775715016,0.000168689786843273
19/03/2003,-0.00255171014378676,0.000267648962545891
20/03/2003,0.0134169459070066,0.000185946315293823
21/03/2003,0.00696519173518571,0.00019203038607745
24/03/2003,-0.0154802551845495,0.000108751605411085
25/03/2003,0.0105170828038351,0.000153813286398752
26/03/2003,-0.00531936632049239,0.000124703464365279
27/03/2003,0.00649023438035361,9.78496040501199e-05
28/03/2003,8.34243574374532e-05,8.38764257088551e-05
31/03/2003,-0.00436481651020176,0.000107239196093836
01/04/2003,0.00818841033068539,0.000139486804403093
02/04/2003,0.00890488615939623,7.90963837503006e-05
03/04/2003,-0.00635011726903425,8.87328877361495e-05
04/04/2003,-0.00794831232225578,0.000146387784704616
07/04/2003,-0.0228566098643221,0.000189889339529403
08/04/2003,-0.00721354861707393,0.000138666718258063
09/04/2003,-0.0164158822869845,0.000207794302920096
11/04/2003,-0.006350824050687,0.00012433416526911
14/04/2003,0.0138352583290125,7.64240438951351e-05
15/04/2003,0.00534888967684019,0.000100790235944737
16/04/2003,-0.0171936878793818,0.000118003026798563
17/04/2003,0.0177253863687075,5.95621320081932e-05
21/04/2003,-0.00487685876898593,0.000114366081499739
22/04/2003,0.0232792983095377,9.3548493348457e-05
23/04/2003,0.00841732421849784,6.78758608990353e-05
25/04/2003,-0.0118119953701958,8.5073141204692e-05
28/04/2003,0.0189693306868762,7.43639836275688e-05
29/04/2003,-0.000574407532241486,0.000132844521695181
30/04/2003,-0.00354693963804766,0.000124089003792548
01/05/2003,-0.00135812207558042,0.000110260660170412
02/05/2003,0.0147546202380794,0.000119696805260639
05/05/2003,-0.00466761889840303,8.83390933508997e-05
06/05/2003,0.00853143736754706,9.57217769763435e-05
07/05/2003,-0.00279102840956679,9.16736916322185e-05
08/05/2003,-0.00184342614072817,8.46099560885925e-05
09/05/2003,0.00916921465614478,4.48591499132309e-05
12/05/2003,0.0182602888133377,5.6935369278555e-05
13/05/2003,0.000749699408480133,5.25647681354712e-05
14/05/2003,-0.00509770446145058,6.47585854563665e-05
15/05/2003,0.00401647636256926,5.67180197793618e-05
16/05/2003,0.00634614451184353,7.89417032796144e-05
19/05/2003,-0.0149665674191854,6.21445533461581e-05
20/05/2003,-0.00701757346649967,0.000118255405111075
21/05/2003,0.00509187141494185,0.000111590263148327
22/05/2003,0.00879178560813488,8.16168742148588e-05
23/05/2003,0.0083357861147406,4.78471490343855e-05
27/05/2003,0.0241476947050156,7.65111600065658e-05
28/05/2003,0.00147085563428635,9.53376608052096e-05
29/05/2003,-0.00918786845476713,9.71735006128343e-05
30/05/2003,0.00822557685776125,5.594233428e-05
02/06/2003,-0.00667935942533117,8.94887736210648e-05
03/06/2003,0.00506250684952556,0.000107221903437674
04/06/2003,0.0160595678749485,8.73181228838324e-05
05/06/2003,0.014481042475576,8.25524616664543e-05
06/06/2003,-0.00961350226544651,0.000138325614760803
09/06/2003,-0.0105123695776104,6.07950103472844e-05
10/06/2003,0.00616772484665958,6.32746924705713e-05
11/06/2003,0.0137490520296956,6.01488903400686e-05
12/06/2003,-0.00148218413071703,7.40082974097766e-05
13/06/2003,-0.0143837397973441,9.70824925154618e-05
16/06/2003,0.0156083669019987,6.19756272852061e-05
17/06/2003,-0.00391517301520269,6.64369793531411e-05
18/06/2003,0.00103031922400905,6.97088555611367e-05
19/06/2003,-0.0131402143099701,9.17013531756772e-05
20/06/2003,-0.00279487904262631,7.60435428051578e-05
23/06/2003,-0.0113961171026938,5.05399653938954e-05
24/06/2003,0.00578478220996081,6.30599522035929e-05
25/06/2003,-0.0073274120471386,0.000168614311171309
26/06/2003,0.0106065865549843,6.89433728294927e-05
27/06/2003,-0.00922165258944553,7.83740637150486e-05
30/06/2003,-0.00679233853013736,0.000108342222405555
01/07/2003,0.0141674169189666,0.000113724092285875
02/07/2003,0.008141964718938,5.78129713704469e-05
07/07/2003,0.0106107611058413,5.72546340471521e-05
08/07/2003,0.00187313958627315,5.15948705241766e-05
09/07/2003,-0.00243469938903291,7.69750255227854e-05
10/07/2003,0.0136179943211548,0.000311760310851511
11/07/2003,0.00866167114756042,7.40840746805116e-05
14/07/2003,-0.00597994998534592,8.79685787008047e-05
15/07/2003,-0.00819143268505822,0.000115920033951178
16/07/2003,-0.00926535655658305,7.42298680992415e-05
17/07/2003,-0.00441559105041093,6.7378081003054e-05
18/07/2003,0.00619705304211694,5.33091234530044e-05
21/07/2003,-0.0127845541418126,6.71515165069067e-05
22/07/2003,0.00352272784720103,0.000100423768328894
23/07/2003,0.004162109513565,7.25980971752904e-05
24/07/2003,-0.0115188217042527,0.000112808904707134
25/07/2003,0.0197360820186167,9.85776049538603e-05
28/07/2003,-0.00340818449558081,9.40991821905667e-05
29/07/2003,-0.00648647013897656,0.000106813202602051
30/07/2003,-0.00315810195767748,5.91967845063882e-05
31/07/2003,-0.00277214234181958,0.000184815907430309
01/08/2003,-0.0174830626753036,0.000180231431732189
04/08/2003,0.00259198995034697,0.000147722996742466
05/08/2003,-0.0141419683188824,0.000162947067719607
06/08/2003,0.00372305175981926,0.000106853512912619
07/08/2003,0.0103176024477061,7.72495785853609e-05
08/08/2003,-0.00324030808026755,5.28467485100453e-05
11/08/2003,-4.77138125855913e-05,6.37500762872375e-05
12/08/2003,0.00702869241521758,5.32923606070783e-05
13/08/2003,-0.0128390656636346,4.70301796069843e-05
14/08/2003,0.00766195530778054,7.38644823763239e-05
15/08/2003,0.00472974879653856,6.35553701403761e-05
18/08/2003,0.00596117008001504,2.90251166646985e-05
19/08/2003,0.00459169679899451,4.73662089148656e-05
20/08/2003,0.00110876459961815,2.82490745667364e-05
21/08/2003,-2.90958976804879e-05,7.9957320338014e-05
22/08/2003,-0.0206536607670424,8.72827798537901e-05
25/08/2003,0.000711239875397126,3.54439312000701e-05
26/08/2003,0.00256642008448237,9.73036853673873e-05
27/08/2003,0.0044828024438626,3.46695141482165e-05
28/08/2003,0.00639406708492017,4.92314585004281e-05
29/08/2003,0.00731996773454558,5.98773268880914e-05
02/09/2003,0.00818906849044005,8.79205321478875e-05
03/09/2003,0.0183328953546846,0.000345163226746858
04/09/2003,0.00651958779027518,3.8285189559951e-05
05/09/2003,-0.00231728152959128,4.54455632847678e-05
08/09/2003,0.00859156173723289,3.72955151500129e-05
09/09/2003,-0.00808536427109111,4.04625192821826e-05
10/09/2003,-0.008019046265341,5.50165300420366e-05
11/09/2003,0.00272971692332033,4.17143443420772e-05
12/09/2003,0.00474162341991306,5.12342218556739e-05
15/09/2003,-0.000938774080193364,3.43261650800892e-05
16/09/2003,0.0129500665640818,2.89741815890204e-05
17/09/2003,-0.00264533973013751,3.09917263945686e-05
18/09/2003,0.0105847531391045,2.86745273777817e-05
19/09/2003,-0.00167505857988395,3.27590060461794e-05
22/09/2003,-0.00204693346822175,3.56395524817598e-05
23/09/2003,0.00737275433831019,4.02133812050972e-05
24/09/2003,-0.0196510203586183,5.57962169867833e-05
25/09/2003,-0.00926666747913345,7.68228032787164e-05
26/09/2003,-0.00355445010685929,0.000108983426344908
29/09/2003,0.00834723495035448,6.23554806301154e-05
30/09/2003,-0.00471379870614105,0.000117252274202825
01/10/2003,0.0186182770284119,7.27104806854268e-05
02/10/2003,-0.000704149348862607,6.43587014730019e-05
03/10/2003,-0.000584760504505376,6.77027008715479e-05
06/10/2003,0.00158320346983123,2.12907784884717e-05
07/10/2003,0.011292316702511,5.73730874144672e-05
08/10/2003,-0.00791426330180281,4.01180942625115e-05
09/10/2003,-0.00304373184448578,6.51099145848737e-05
10/10/2003,-0.00156329541094124,2.72301209969422e-05
13/10/2003,0.000647328744657015,2.68619926182409e-05
14/10/2003,0.00710738878099263,3.11554096501836e-05
17/10/2003,-0.0129424508525313,4.43024543892966e-05
20/10/2003,0.00404803866168697,4.26507620267435e-05
21/10/2003,-0.000675614690210357,5.62876983430022e-05
22/10/2003,-0.00587669262195854,4.52941849500911e-05
23/10/2003,0.00829676993624664,5.5003530546266e-05
24/10/2003,0.00364945320672377,5.66459358538137e-05
27/10/2003,-0.00125558896499868,2.7826446801279e-05
28/10/2003,0.00946292781266207,3.84861716522607e-05
29/10/2003,0.00276104299390172,4.3049667675252e-05
30/10/2003,-0.0122709068303488,0.000126238928957217
31/10/2003,9.46104578840147e-05,3.24406040906898e-05
03/11/2003,0.00632412304383008,3.87438359470147e-05
04/11/2003,-8.66519907680966e-05,2.31566096184143e-05
05/11/2003,0.00122749918658242,5.66966443564022e-05
06/11/2003,0.00641655273634309,4.24305435624864e-05
07/11/2003,-0.00677674270282103,6.52908235854546e-05
10/11/2003,-0.00417506262838791,2.75673339277289e-05
11/11/2003,6.26374811678611e-05,2.17866966393999e-05
12/11/2003,0.0103950769268489,2.74242145733828e-05
13/11/2003,0.00151449574600297,3.86081750418546e-05
14/11/2003,-0.00876742217925524,4.50926912228196e-05
17/11/2003,-0.00326269835697336,5.1744205551531e-05
18/11/2003,-0.0110647149107838,5.59050531198315e-05
19/11/2003,0.00804133946166756,4.19686989299476e-05
20/11/2003,-0.00497966738694762,8.64591112518016e-05
21/11/2003,-0.000766329611970774,4.91264979504886e-05
24/11/2003,0.00865345549315715,3.17613632827598e-05
25/11/2003,0.00349477624159636,2.83687946495412e-05
26/11/2003,0.00170131944627123,3.55386213936513e-05
01/12/2003,0.00680105489185271,4.83053607366352e-05
02/12/2003,0.00130260151389217,2.49045456017688e-05
03/12/2003,-0.00529605680878144,4.01969389179439e-05
04/12/2003,0.00473970539845734,3.26214949690332e-05
05/12/2003,0.000367864559624692,4.43340591395424e-05
08/12/2003,0.00527792839556546,2.87750700237715e-05
09/12/2003,-0.00913809581891058,4.84556763374999e-05
10/12/2003,-0.00206294860619298,3.52589153158432e-05
11/12/2003,0.0119330142167333,3.52168307572046e-05
12/12/2003,-0.000466260062699486,3.68810883003529e-05
15/12/2003,-0.0148650378066994,4.74323770091804e-05
16/12/2003,0.00601976068010942,2.941641982939e-05
17/12/2003,0.000468758941016572,2.09702676014562e-05
18/12/2003,0.00962399837247042,1.99868054556799e-05
19/12/2003,-0.00188146502521978,4.00528396995467e-05
22/12/2003,0.00560638248307911,1.72288532842253e-05
23/12/2003,0.00136589000179991,2.53409825816402e-05
29/12/2003,0.0111509976645268,2.35462626611892e-05
30/12/2003,-0.00117929909387368,1.48200515908483e-05
31/12/2003,-0.000538785982609,2.22145564552657e-05
02/01/2004,-0.00629062661482612,5.0858834387975e-05
05/01/2004,0.00705337636478791,2.37805921321932e-05
06/01/2004,0.00408380851847429,2.02768611533837e-05
07/01/2004,0.00163491577599222,2.81339900952503e-05
08/01/2004,-0.00107485529509795,3.1841651599699e-05
09/01/2004,-0.00552182045948576,4.29326098259345e-05
14/01/2004,0.00274226243525837,1.64064703403937e-05
15/01/2004,-0.000789688102455664,5.48053658513815e-05
16/01/2004,0.00156260720471243,3.08678400672007e-05
20/01/2004,-6.1749444419318e-05,2.48786993137103e-05
21/01/2004,0.0101081825059151,4.6839164175903e-05
22/01/2004,-0.00326335092877808,3.76276609781536e-05
23/01/2004,-0.00660324885001749,4.20326184871757e-05
26/01/2004,0.00853525546812237,3.19913125051868e-05
27/01/2004,-0.00877514465914433,3.09068302819483e-05
28/01/2004,-0.01281842531127,8.66981439917314e-05
29/01/2004,-0.000268086117522914,8.31222246486495e-05
30/01/2004,0.000872541581780684,5.20994467603954e-05
02/02/2004,-0.000241292746759215,7.90772288674613e-05
03/02/2004,0.00158124438558075,3.66145370635289e-05
04/02/2004,-0.00131291474538397,3.84128669420152e-05
05/02/2004,0.00097085564864364,4.33337485870386e-05
06/02/2004,0.0114776391698171,4.93741735290924e-05
09/02/2004,-0.00176493206027031,2.19144315711663e-05
10/02/2004,0.00645486873465679,2.64170826035392e-05
11/02/2004,0.0026940208683522,0.000134209245172272
12/02/2004,-0.00128702867457663,1.71937313758389e-05
13/02/2004,-0.00693299433336773,5.66763573771526e-05
17/02/2004,0.00237205070553064,2.0856523641884e-05
18/02/2004,-0.00492457663494698,2.50827720725843e-05
19/02/2004,-0.00897515629138936,4.22151675886311e-05
20/02/2004,-0.00338093458122464,5.46053944363341e-05
23/02/2004,-0.00783802516548683,3.3404745070185e-05
24/02/2004,0.000180422181625706,4.74951509801188e-05
25/02/2004,0.00339073970702266,2.38586983787768e-05
26/02/2004,0.00262168992699976,2.95106193698988e-05
27/02/2004,-0.0086938526734766,0.000107565384212517
01/03/2004,0.00415420079399649,2.51209736974157e-05
02/03/2004,-0.00475277425901252,4.23764190544952e-05
03/03/2004,0.00408826984064691,2.93417792880351e-05
04/03/2004,-2.86586786600864e-05,1.2762501682455e-05
05/03/2004,0.0104806556451432,9.30521231236405e-05
08/03/2004,-0.0118270093519061,3.79020901323628e-05
09/03/2004,0.000288101157765695,5.6636013532302e-05
10/03/2004,-0.0207455892945391,7.35377603381245e-05
11/03/2004,-0.00549345672486267,0.000177956545660637
12/03/2004,0.00793157715834963,7.02764735569913e-05
15/03/2004,-0.0099679373202234,6.99796172101298e-05
16/03/2004,-4.28142582838565e-05,5.51007666810698e-05
17/03/2004,0.0187812414013016,0.000105555105670902
18/03/2004,0.00139577751318991,6.83439201662297e-05
19/03/2004,-0.008773535799294,4.24726789531385e-05
22/03/2004,-0.00480741495594793,8.69607075551733e-05
23/03/2004,-0.00776676503137887,7.36174408563463e-05
24/03/2004,-0.00218830891651957,9.66233986894295e-05
25/03/2004,0.00868211323055827,4.37787753632196e-05
26/03/2004,0.0020958320407655,3.02586789585789e-05
29/03/2004,0.0117733839741009,4.64270763232961e-05
30/03/2004,0.00581695620056699,3.38844966360572e-05
31/03/2004,0.00166758493543392,3.99481323135081e-05
01/04/2004,0.0021220231148064,2.94900145211219e-05
02/04/2004,-0.00122713826392064,4.94173408471105e-05
05/04/2004,0.00626367517751545,2.03293551132904e-05
06/04/2004,0.00174334924146268,2.10446680298173e-05
07/04/2004,-0.00283100835361656,3.63279917258233e-05
08/04/2004,-0.0101053431221955,5.16896659641762e-05
12/04/2004,0.00218027816580604,1.49688828383814e-05
13/04/2004,-0.0165412523808573,4.95802258703671e-05
14/04/2004,0.00760874856406205,5.98391945430494e-05
15/04/2004,-0.00229447783801772,6.29176475639693e-05
16/04/2004,0.00158638487586026,3.7559959486409e-05
19/04/2004,0.00281125119770246,3.11243976203084e-05
20/04/2004,-0.0172050799677748,5.05333446887658e-05
21/04/2004,0.00528714468954467,6.73224387306897e-05
22/04/2004,0.0164001139115983,7.19492560070718e-05
23/04/2004,0.0031529993320131,4.54716470436859e-05
26/04/2004,-0.00473886550563944,3.34298663427486e-05
27/04/2004,0.0213684414604383,0.000498102614218093
28/04/2004,-0.0103684180884296,5.35244009198711e-05
29/04/2004,-0.00926918115428721,9.51774480698373e-05
30/04/2004,-0.0126223880666939,9.86794788275013e-05
03/05/2004,0.00778599899467127,4.66340708572547e-05
04/05/2004,0.00490590627561047,0.000143414178384216
05/05/2004,0.00293398580950249,5.02905873033251e-05
06/05/2004,0.000727911561720513,5.80962012465741e-05
07/05/2004,-0.00225340104976799,0.000242113601978781
10/05/2004,-0.0020293084072151,0.000111874775090818
11/05/2004,0.00425733537502436,3.7948967259114e-05
12/05/2004,0.00682809569797197,0.000123712532978489
13/05/2004,0.00448847179399804,9.23410472340847e-05
14/05/2004,-0.00076137766176458,0.000115647206546417
17/05/2004,-0.00192689469041284,8.23188014880795e-05
18/05/2004,0.00171475306364165,2.36710804405787e-05
19/05/2004,-0.0118099668583134,5.46200036427627e-05
20/05/2004,-0.000442256247976794,5.1079565736785e-05
21/05/2004,0.000105448249035314,3.53024006157903e-05
24/05/2004,-0.00154432517062818,5.20180495979968e-05
25/05/2004,0.0167526421040652,5.80153535705053e-05
26/05/2004,0.00428232674840629,3.5919069298046e-05
27/05/2004,0.000567691462866876,4.12589762772964e-05
28/05/2004,0.00115515653265247,1.71866378278973e-05
01/06/2004,0.00239910296066591,3.54793887960385e-05
02/06/2004,0.00123627551446458,2.9271931634299e-05
03/06/2004,0.00416676273894087,0.000115547702177233
04/06/2004,-0.00167889457679349,2.50319300000929e-05
07/06/2004,0.00913251493620432,1.42849704194746e-05
08/06/2004,0.00278593256149362,2.51825571183598e-05
09/06/2004,-0.00691177132812192,2.01631541661141e-05
10/06/2004,0.00280292296967225,1.26959385839955e-05
14/06/2004,-0.00544694592379361,1.62537397872134e-05
15/06/2004,0.00215638953033366,3.37412997754173e-05
16/06/2004,-5.69417460227935e-05,1.9428872711732e-05
17/06/2004,6.37320471011919e-05,2.4597035551207e-05
18/06/2004,0.00282205042902541,2.64346321700061e-05
21/06/2004,-0.00422711092219316,2.08184349109968e-05
22/06/2004,0.00704445353372983,3.22451377805415e-05
23/06/2004,0.0087602287582625,2.78393079111798e-05
24/06/2004,-0.00296866573777035,2.05987611496269e-05
25/06/2004,-0.00369072725701912,2.35159137501762e-05
28/06/2004,-0.00665944842511953,3.60532954253915e-05
29/06/2004,0.00132356252870428,1.8325173645505e-05
30/06/2004,0.00570766333621432,2.7956115240187e-05
01/07/2004,-0.00834902182103264,5.52234489712167e-05
02/07/2004,-0.00328867193704847,3.26833910977776e-05
06/07/2004,-0.00499267527142379,2.9431671309871e-05
07/07/2004,0.00215022507512134,3.15690659162845e-05
08/07/2004,-0.0312246046042978,0.000748215115362338
09/07/2004,-8.9417171959259e-05,2.61578840374191e-05
12/07/2004,0.00420971333060509,4.06785481946613e-05
13/07/2004,-0.000536169008340381,1.48888214713321e-05
14/07/2004,0.00260189460087887,4.37932667667739e-05
15/07/2004,-0.00870466833080224,3.97942727201338e-05
16/07/2004,-0.0112567828853342,3.46635091095377e-05
19/07/2004,-0.0027331814214033,4.42731704412599e-05
20/07/2004,0.00685242188427709,4.51413689099502e-05
21/07/2004,-0.0183200111269871,4.10529934026764e-05
22/07/2004,0.0066579501465386,0.000100448462594381
23/07/2004,-0.0049261136890737,6.69595408357466e-05
26/07/2004,-0.0035804269102962,7.96750820295527e-05
27/07/2004,0.00694425375680129,4.61289015633934e-05
28/07/2004,0.00529419603565619,7.48739312979444e-05
29/07/2004,0.000904767433575737,4.4364123034503e-05
30/07/2004,0.00425489798835059,3.33520960667231e-05
02/08/2004,0.0101247167273304,3.4409073178974e-05
03/08/2004,-0.00442823986719094,2.68523636133883e-05
04/08/2004,0.00481163678238038,4.39030602780254e-05
05/08/2004,-0.0231377478436467,0.000146133377456597
06/08/2004,-0.0103480202657582,7.94530716413016e-05
09/08/2004,0.00018643858354802,3.12140990591122e-05
10/08/2004,0.00927000164132084,3.8172632664572e-05
11/08/2004,0.00528554217036474,5.14603638945675e-05
12/08/2004,-0.00718032640050754,5.0696431819309e-05
13/08/2004,-0.000542635607418754,4.25366773333921e-05
16/08/2004,0.0121577259818401,4.8435404211696e-05
17/08/2004,-0.0014538861304424,3.27844450162504e-05
18/08/2004,0.0148952835566455,5.33426865612169e-05
19/08/2004,-0.00275052855839062,3.48302690896069e-05
20/08/2004,0.00863558984866602,2.62121680127422e-05
23/08/2004,-0.0118144118991357,0.000111229961476642
24/08/2004,-0.002530893136832,2.36383351173236e-05
25/08/2004,0.00777153473435839,3.13811744380626e-05
26/08/2004,0.00198102563165271,1.71012645773815e-05
27/08/2004,0.000988880625790389,1.15690078231409e-05
30/08/2004,-0.00650718560736787,1.27294887133002e-05
31/08/2004,0.00550952112713731,3.42918954344691e-05
01/09/2004,0.00458192233376019,4.32654995504509e-05
02/09/2004,0.0121768390505955,2.17706887980342e-05
03/09/2004,-0.0024757249483031,2.92407159159992e-05
07/09/2004,0.00351818848423192,3.07874650954205e-05
08/09/2004,-0.00319924656689346,2.76904393851748e-05
09/09/2004,-0.0015850615818219,3.03170811817128e-05
10/09/2004,0.00435008443928062,3.25479184457331e-05
13/09/2004,0.000237564427179741,2.33065826153209e-05
14/09/2004,0.00589118460917461,2.54935052240765e-05
15/09/2004,-0.00557517231746358,1.74904658025249e-05
16/09/2004,0.00191512658886114,1.20483439246978e-05
17/09/2004,0.00203370449303613,2.12397135950687e-05
20/09/2004,-0.0023263316716487,2.91110727989672e-05
21/09/2004,0.00423346271655505,1.84112001424083e-05
22/09/2004,-0.00722397012014288,2.68969277605718e-05
23/09/2004,-0.0035773194555181,3.49837143411462e-05
24/09/2004,0.000540922722968434,1.9549141131635e-05
27/09/2004,-0.00279687989596203,1.94217314110226e-05
28/09/2004,0.00432006119452774,2.44298685189074e-05
29/09/2004,0.0046642376174365,2.82666175294853e-05
30/09/2004,0.000285572828347483,2.52764108183568e-05
01/10/2004,0.0106727305274441,2.59824950424855e-05
04/10/2004,-0.00800941563254105,4.5596098465898e-05
05/10/2004,0.000533449120628442,2.43022774501634e-05
06/10/2004,0.0101442687647466,2.38584048636589e-05
07/10/2004,-0.00974853988204505,1.94995322714904e-05
08/10/2004,-0.00450251939058756,3.77558272588189e-05
11/10/2004,0.00150674441181804,1.37486650586574e-05
13/10/2004,-0.0134444488763379,3.92969665170997e-05
14/10/2004,-0.00611133455076817,3.18385493716315e-05
15/10/2004,0.00144269590756785,4.21404606507394e-05
18/10/2004,0.0094302770223167,4.13198380960877e-05
19/10/2004,-0.0138457688233407,3.73384659512111e-05
20/10/2004,0.00387474523154072,5.41796546847869e-05
21/10/2004,0.00524978960017409,5.9903956483067e-05
22/10/2004,-0.00914500958581973,4.32711529847668e-05
25/10/2004,0.0013804042658598,5.23797839005855e-05
26/10/2004,0.0119636454687499,3.99102738742959e-05
27/10/2004,0.0157751289361547,4.71931808883348e-05
28/10/2004,0.00439815156706491,2.89730883821234e-05
29/10/2004,0.00477148013576781,3.73293111221288e-05
01/11/2004,-0.00114308164344919,1.81347170088067e-05
02/11/2004,-0.00132839237891167,7.29611590358277e-05
03/11/2004,-0.00270057748811816,5.66779883224737e-05
04/11/2004,0.0153890780202978,4.05351475796132e-05
05/11/2004,-0.000197065071007305,5.08710565309679e-05
08/11/2004,1.99711402496666e-06,2.7282788328621e-05
09/11/2004,-0.0021378674221256,2.6482393736511e-05
10/11/2004,-0.00203718155745304,3.48048779850216e-05
11/11/2004,0.00712544508494495,1.86148781776807e-05
12/11/2004,0.00858116855139548,1.79977426117349e-05
15/11/2004,0.00329045351984165,2.9542961677688e-05
16/11/2004,-0.00448033784970149,1.85801496490781e-05
17/11/2004,0.000729816509043949,3.01488694648735e-05
18/11/2004,0.00185503207533772,2.10578195937306e-05
19/11/2004,-0.0107606066063323,3.81753368335243e-05
22/11/2004,0.00731454544476419,2.31754751160901e-05
23/11/2004,0.00118735120439942,3.12838866610438e-05
24/11/2004,0.00166208312989022,2.24979270796656e-05
29/11/2004,-0.00658835955853531,5.17366102129702e-05
30/11/2004,-0.00118755553266538,3.50719943543748e-05
01/12/2004,0.00993592973712423,2.11576388038768e-05
02/12/2004,0.000340532424113117,2.85399868321488e-05
03/12/2004,0.000506194107555403,4.9348766127826e-05
06/12/2004,0.00150938928333646,2.13209751064519e-05
07/12/2004,-0.0094400469568251,4.67426996489773e-05
08/12/2004,0.00318747529877889,2.94349937890119e-05
09/12/2004,0.00984940501101375,3.46355693906387e-05
10/12/2004,0.00100722704917325,2.9467690631279e-05
13/12/2004,0.00491592964619919,1.98686574000086e-05
14/12/2004,0.00597438205924328,2.10012462189768e-05
15/12/2004,0.00322647989549424,3.28921123338933e-05
16/12/2004,-0.00108002044571143,4.32147581313573e-05
17/12/2004,0.000418266801551541,4.66416320722393e-05
20/12/2004,-0.00336662048207933,3.0114988822633e-05
21/12/2004,0.00808396970717841,1.68892930896252e-05
22/12/2004,0.00439204863193035,2.3489201576726e-05
23/12/2004,0.00223181281391222,1.11681791554112e-05
27/12/2004,-0.00745103768883044,2.7969014531814e-05
28/12/2004,0.00603768661652324,1.5515924648906e-05
29/12/2004,0.00239366298930877,8.81361742819867e-06
30/12/2004,-0.00123724375471315,6.49088866156339e-06
31/12/2004,-0.00132116057874494,9.98221198691224e-06
03/01/2005,-0.013593393633411,4.48805474086885e-05
04/01/2005,-0.0143213578223449,4.67279847620924e-05
05/01/2005,-0.00573183206896178,5.07264586369369e-05
06/01/2005,0.00125846137667343,3.94503662024723e-05
07/01/2005,-0.00375081904537322,4.32685319842364e-05
10/01/2005,0.00489093795185771,3.02194008594854e-05
11/01/2005,-0.00202474782498525,2.8576133445719e-05
12/01/2005,0.00397681308339869,5.57768525975788e-05
13/01/2005,-0.00887456520242688,2.49010126106125e-05
14/01/2005,0.00456921427294128,2.31109439638715e-05
18/01/2005,0.0127917624400175,2.26241922480153e-05
19/01/2005,-0.00848459159769178,2.35094950133487e-05
20/01/2005,-0.00120413742596851,5.42712504145412e-05
21/01/2005,-0.00774770229910572,3.35760986892472e-05
24/01/2005,-0.00385636443971619,4.75985247922945e-05
25/01/2005,-0.000681460110230223,2.38669795371857e-05
26/01/2005,-0.000692836832597762,2.9977419086217e-05
27/01/2005,0.00264219007068557,1.99826012164321e-05
28/01/2005,-0.00289660130163841,2.8504338977671e-05
31/01/2005,0.00161045423777075,2.09133698726861e-05
01/02/2005,0.00598561467644227,1.92627513490533e-05
02/02/2005,0.00167792326974057,2.31563492839865e-05
03/02/2005,-0.00042133375176406,1.8944293177474e-05
04/02/2005,0.0118697913713062,2.21518971958071e-05
07/02/2005,-0.000630548880033841,1.39706696555523e-05
08/02/2005,0.00166320317109072,1.71602481890923e-05
09/02/2005,-0.0104289640702835,2.73293804271828e-05
10/02/2005,0.00192191707432676,2.19963443407462e-05
11/02/2005,0.00751027083420414,4.16267569303009e-05
14/02/2005,0.00044164363628156,8.05745841466777e-06
15/02/2005,0.00396644788271364,1.593369359256e-05
16/02/2005,0.0019827628722789,2.16806605664752e-05
17/02/2005,-0.00766591388417716,2.63970072185703e-05
18/02/2005,0.00391617214119743,1.54769862589593e-05
22/02/2005,-0.00972374536126017,3.35374057003894e-05
23/02/2005,0.00327247328241363,2.79033710268386e-05
24/02/2005,0.00985673503384006,4.30670748623966e-05
25/02/2005,0.0098099500815044,2.47119805703896e-05
28/02/2005,-0.00439885568157357,2.86650340497672e-05
01/03/2005,0.00438492271564829,2.43778364920256e-05
02/03/2005,0.00473617990825022,3.94123854785967e-05
03/03/2005,-0.000615749346590389,3.73466892967949e-05
04/03/2005,0.0040830309713269,2.69426007333932e-05
07/03/2005,-0.00081419347033473,2.30515737483601e-05
08/03/2005,-0.00391199602911981,2.89650684209283e-05
09/03/2005,-0.00854176649314226,3.85247212753741e-05
10/03/2005,-0.000735034759137509,4.25216996423041e-05
11/03/2005,-0.00671265032019481,4.77466671898508e-05
14/03/2005,0.00370914430332553,2.70605951875137e-05
15/03/2005,-0.0106816392015117,2.75166064930099e-05
16/03/2005,-0.00340799535178673,3.3601329582461e-05
17/03/2005,-0.000256104286319765,2.92453069992427e-05
18/03/2005,-0.00277468139702381,3.76740993552975e-05
21/03/2005,-0.00396613847159943,4.1337588182014e-05
22/03/2005,-0.0109576361607558,5.61225860632259e-05
23/03/2005,0.00055004587627156,4.51940419932888e-05
24/03/2005,-0.00247686953486372,2.05897462478014e-05
28/03/2005,-0.00152361290971395,2.13211688322532e-05
29/03/2005,-0.00881237611574373,4.26638527087032e-05
30/03/2005,0.0134208914390881,3.1878796653831e-05
31/03/2005,-0.0013555805576127,3.12132762328242e-05
01/04/2005,-0.00998008180890722,6.11978491051824e-05
04/04/2005,0.00117508270944456,3.25459137595865e-05
05/04/2005,0.00220474927761207,3.0670032855803e-05
06/04/2005,-0.000765980067892817,2.6914238200896e-05
07/04/2005,0.00605520609221423,2.80062691018083e-05
08/04/2005,-0.00800442760290372,2.37250108303887e-05
11/04/2005,-0.00163356482616953,2.42008547686599e-05
12/04/2005,0.00710872112232701,4.42450862211096e-05
13/04/2005,-0.0100985691974051,3.39823530307236e-05
14/04/2005,-0.0104543258105613,5.93530158380722e-05
15/04/2005,-0.00533535922919144,0.000142894357907612
18/04/2005,0.00415303272090268,6.36117571505126e-05
19/04/2005,0.0022596029436822,3.7356726824457e-05
20/04/2005,-0.0164829977859253,7.19005711690587e-05
21/04/2005,0.0119131381400166,5.22249852207686e-05
22/04/2005,-0.00407293308481827,7.89854291928306e-05
25/04/2005,0.00404897515285296,3.71844278969925e-05
26/04/2005,-0.00674875388398424,4.2253904393853e-05
27/04/2005,0.00707227327260411,6.30084249086943e-05
28/04/2005,-0.0098411321759442,5.87963390895701e-05
29/04/2005,0.00720149386736859,9.15781037357565e-05
02/05/2005,0.0038425551464556,3.05362009337378e-05
03/05/2005,0.00146438626983561,0.000100469020157201
04/05/2005,0.0103303977395029,5.11627596099418e-05
05/05/2005,-0.00267927039374549,7.57112265090665e-05
06/05/2005,-0.00613277604013767,4.05318171068536e-05
09/05/2005,0.00666921431540729,1.87502231324318e-05
10/05/2005,-0.005260203653774,3.61098612099633e-05
11/05/2005,0.00360434973279284,4.7153829014779e-05
12/05/2005,-0.0103295614399607,5.26784926160405e-05
13/05/2005,-0.00595168262140679,9.36831704789537e-05
16/05/2005,0.00877308827289533,3.40019351439667e-05
17/05/2005,0.00863356974570863,3.12006259443937e-05
18/05/2005,0.00694351630756122,3.02057508528717e-05
19/05/2005,0.00232784518545933,2.78632224514223e-05
20/05/2005,-0.00171936823181468,2.40943899000931e-05
23/05/2005,0.00518887679710654,2.86085207042567e-05
24/05/2005,0.00189863130451005,2.86976113791667e-05
25/05/2005,-7.30468659877043e-05,1.88715549370135e-05
26/05/2005,0.00123783224792975,1.50836798985686e-05
27/05/2005,8.24001931593723e-05,8.30828756079006e-06
31/05/2005,-0.00584533724058069,2.89257792891553e-05
01/06/2005,0.00842809344401477,4.38118287330143e-05
02/06/2005,0.00406648314404511,1.93484571296857e-05
03/06/2005,-0.005827608845843,3.01796302217738e-05
06/06/2005,0.00018088270635213,1.11828247835074e-05
07/06/2005,-0.00358326667500061,3.23817371068118e-05
08/06/2005,-0.00806466575113269,3.17855660729142e-05
09/06/2005,0.00624581601373831,3.50729688368246e-05
10/06/2005,-0.0050887134097176,2.30096514284155e-05
13/06/2005,0.00429865060484896,3.29598249078295e-05
14/06/2005,0.00306205403148817,2.70184012093041e-05
15/06/2005,-0.00151077808935461,2.85703661256351e-05
16/06/2005,0.00296874746732916,2.11407647679162e-05
17/06/2005,0.00158198548876792,2.39640245792772e-05
20/06/2005,0.00313218107727021,2.06721831913467e-05
21/06/2005,-0.00143454688666348,2.1269860420937e-05
22/06/2005,-0.00281042779615397,2.11230071525504e-05
23/06/2005,-0.011775827535697,4.27713095083605e-05
24/06/2005,-0.00680291834289473,2.76768599855156e-05
27/06/2005,1.1381925032765e-05,2.56852531102229e-05
28/06/2005,0.00487787773171199,1.27016301802933e-05
29/06/2005,-0.00344636319316905,1.91235371595485e-05
30/06/2005,-0.0108771885730677,3.13048328481904e-05
01/07/2005,0.000780283795053085,2.69589214898348e-05
05/07/2005,0.00860505213666369,2.75720490591913e-05
07/07/2005,0.0116736665067272,4.28073296715127e-05
08/07/2005,0.0113553386528661,2.35326965338033e-05
11/07/2005,0.00503826558280342,2.48223209227811e-05
12/07/2005,0.00131086940133372,2.56999407542872e-05
13/07/2005,0.000751641392049496,1.92794270971287e-05
14/07/2005,-0.00131030272261962,3.45992726704408e-05
15/07/2005,-0.000403965459613535,1.59494247153852e-05
18/07/2005,-0.00302394208711872,1.16295318096443e-05
19/07/2005,0.00171037284301294,2.18914626742407e-05
20/07/2005,0.00951347401590999,2.99043082511612e-05
21/07/2005,-0.00659291903009885,5.46558194815259e-05
22/07/2005,0.00487494827291868,1.86977360198524e-05
25/07/2005,-0.00486777489674566,2.04563681382073e-05
26/07/2005,0.000957738968024717,2.67278743360268e-05
27/07/2005,0.00388694586435424,1.85173096668283e-05
28/07/2005,0.0044270025447644,2.0748120574462e-05
29/07/2005,-0.0067743212226131,1.9124904326837e-05
01/08/2005,-0.00194009146289835,2.0770914218798e-05
02/08/2005,0.00563473968812368,1.41470816467206e-05
03/08/2005,0.00370054536013445,1.14926404551718e-05
04/08/2005,-0.00459998717457911,1.34777360585042e-05
05/08/2005,-0.0055157679509473,2.11777547275747e-05
08/08/2005,-0.00774571679079425,2.01380564886461e-05
09/08/2005,0.00211385817459475,1.45787526245846e-05
10/08/2005,-0.00600824299127587,3.76213737589023e-05
11/08/2005,0.00577457312503348,3.54888714977288e-05
12/08/2005,-0.00129295960892769,3.31300693216193e-05
15/08/2005,0.00367684216114509,2.20817534404845e-05
16/08/2005,-0.0105082161825278,3.24409091025617e-05
17/08/2005,0.00131627202612148,3.70688492294353e-05
18/08/2005,-0.000161311997022409,2.38463903172582e-05
19/08/2005,-0.00227099761677844,1.46415001812647e-05
22/08/2005,-0.00130450324667388,3.23786577094531e-05
23/08/2005,-0.00263231820306183,2.82954885314706e-05
24/08/2005,-0.00560364781215894,3.94975811970135e-05
25/08/2005,0.00123557389537107,1.83276690758382e-05
26/08/2005,-0.00625953659487868,3.47426718657167e-05
29/08/2005,0.0100760342531947,2.82898531154758e-05
30/08/2005,-0.00165296720650746,4.79744284966127e-05
31/08/2005,0.00806817715572309,6.37385265804588e-05
01/09/2005,0.000885063053213921,6.30598590484431e-05
02/09/2005,-0.00430129431291273,2.34815066994848e-05
06/09/2005,0.00964084148912388,1.9971233459723e-05
07/09/2005,0.00379591914933517,1.82386801859342e-05
08/09/2005,0.00238697298233304,1.65632746644265e-05
09/09/2005,0.00522549930972489,1.74430305626434e-05
12/09/2005,-0.000771302113069402,1.37548618069507e-05
13/09/2005,-0.00594441307973542,2.09046933166331e-05
14/09/2005,-0.00395515571182672,2.34552073402045e-05
15/09/2005,0.000101851845560538,2.95608736098952e-05
16/09/2005,0.00131407563439691,1.48037743961943e-05
19/09/2005,-0.00520418528967725,1.6233294566375e-05
20/09/2005,-0.00813312164390278,4.0849536934645e-05
21/09/2005,-0.012337440263551,5.02213333165888e-05
22/09/2005,0.0050894068427349,5.82511286842605e-05
23/09/2005,0.00257261845934328,2.75885019250792e-05
26/09/2005,-0.00519265692967507,2.91034504160225e-05
27/09/2005,0.000393495394571616,3.8501367057331e-05
28/09/2005,-0.00172791325897199,2.59649896695443e-05
29/09/2005,0.0108743195724362,4.4691904467622e-05
30/09/2005,0.00325197294444617,2.44378763047228e-05
03/10/2005,-0.00170735050260721,2.61128634898105e-05
04/10/2005,-0.012697882938111,3.90499600631408e-05
05/10/2005,-0.0129419632257114,5.80929889132086e-05
06/10/2005,-0.00458483498202575,0.000105505717262713
07/10/2005,-0.00118658293774522,4.05547498073329e-05
10/10/2005,-0.00840045072056632,5.65647644615299e-05
11/10/2005,-0.00571709893791092,6.22580697505326e-05
12/10/2005,-0.00408519363901663,9.15562428260822e-05
13/10/2005,0.00110745064330726,0.000110155157537576
14/10/2005,0.00590850588057314,5.57773933023245e-05
17/10/2005,0.00383309758961343,3.52997003396883e-05
18/10/2005,-0.00822334627487815,3.16240701932166e-05
19/10/2005,0.0173801057672263,7.95586184354493e-05
20/10/2005,-0.0151736937091688,0.000103696094192982
21/10/2005,-0.00151345569719881,7.2265750370472e-05
24/10/2005,0.014272132731662,5.51254260335811e-05
25/10/2005,4.05159871622192e-06,4.86230787318601e-05
26/10/2005,-0.00343388991448452,6.71980564406891e-05
27/10/2005,-0.0106255599003344,3.69342512262063e-05
28/10/2005,0.014945487075542,5.53469807021625e-05
31/10/2005,0.00360010631513516,2.89273076991142e-05
01/11/2005,-0.00380241417017857,2.47122309935422e-05
02/11/2005,0.011825293487563,3.02463357980981e-05
03/11/2005,0.000800831167664544,3.17875064211738e-05
04/11/2005,-0.00237441821351286,3.13449162667124e-05
07/11/2005,0.000289997259375117,2.42267700547462e-05
08/11/2005,0.00147657659068906,1.353214993712e-05
09/11/2005,0.00178844215159231,2.95239007263145e-05
10/11/2005,0.0081356925242021,4.26146938366286e-05
11/11/2005,0.00313767469207328,8.91010224092026e-06
14/11/2005,-0.00155969408533527,1.93105470402418e-05
15/11/2005,-0.00306186877191575,2.77230954619177e-05
16/11/2005,0.000555438943943916,2.1682975759192e-05
17/11/2005,0.00598141377208794,1.9284680226239e-05
18/11/2005,0.00134281303439298,2.6662775453781e-05
21/11/2005,0.00365742380768713,2.01097988670296e-05
22/11/2005,0.00594519345521793,2.90918948334341e-05
23/11/2005,0.00166841275509163,1.82448959242304e-05
28/11/2005,-0.00765280449414742,2.03783749966605e-05
29/11/2005,-0.004114871125953,2.63872704928058e-05
30/11/2005,-0.00652220339688643,3.23987603979515e-05
01/12/2005,0.00712840327708326,1.82129045674829e-05
02/12/2005,0.00155719990556237,1.43648729114677e-05
05/12/2005,0.00015793904519971,1.69677569520369e-05
06/12/2005,-0.000785215148733751,2.74173700608597e-05
07/12/2005,-0.00490407301012147,3.03639508796801e-05
08/12/2005,-0.00102657349130081,4.2209562837704e-05
09/12/2005,0.000486932513713443,2.38760900969587e-05
12/12/2005,-0.00229875136088377,1.73044461931442e-05
13/12/2005,-0.00165393255938947,5.59952066227437e-05
14/12/2005,0.00487336543905547,1.95173431354798e-05
15/12/2005,-0.00314250341289402,2.13179561955078e-05
16/12/2005,-0.00522724890478995,1.40647825988238e-05
19/12/2005,-0.0077508362270877,1.71963432712378e-05
20/12/2005,-0.00207320128863336,2.49184028145136e-05
21/12/2005,-0.000549172878308721,2.58709793693842e-05
22/12/2005,0.00363045209605759,1.23822669730919e-05
23/12/2005,-0.000454364141005327,7.89734009724614e-06
27/12/2005,-0.0117086091694995,2.98580771045344e-05
28/12/2005,-0.000974718837729006,1.27242430225693e-05
29/12/2005,-0.00383170264194192,1.4258875106862e-05
30/12/2005,-0.00194986007028333,1.52779872431136e-05
03/01/2006,0.0125169238921414,5.51957072868397e-05
04/01/2006,0.00241879870394609,3.0082917831544e-05
05/01/2006,0.000785728681742818,2.60453183784403e-05
06/01/2006,0.00320402794397925,2.6803151933055e-05
09/01/2006,0.00337986416897294,1.53768631407728e-05
10/01/2006,0.00342745764785158,1.73551848636467e-05
11/01/2006,0.00310122334219949,2.23461880546077e-05
12/01/2006,-0.00536031766691945,1.64887099005329e-05
13/01/2006,0.00147697517710309,1.98183479742862e-05
17/01/2006,0.00055169736267422,1.51248698703063e-05
18/01/2006,0.00266202748848785,3.31046958540583e-05
19/01/2006,0.000937324239672529,1.61430655788112e-05
20/01/2006,-0.0162744727618412,4.41873912429388e-05
23/01/2006,0.00134568589887843,2.43426273730204e-05
24/01/2006,0.000867111183076816,2.88165825533334e-05
25/01/2006,-0.00544331598127626,5.74374807536748e-05
26/01/2006,0.00165144315807411,2.98283017670563e-05
27/01/2006,0.00445643122645505,2.58625992825247e-05
30/01/2006,0.00058267567901489,1.25328067976366e-05
31/01/2006,-0.0023402312825243,2.7112618246536e-05
01/02/2006,0.00442432340458215,4.46864626401066e-05
02/02/2006,-0.00807591515808235,4.53658655518566e-05
03/02/2006,-0.00252881782689993,3.95355468219937e-05
06/02/2006,0.00133590264229476,2.51633244952445e-05
07/02/2006,-0.00793557326774429,4.00082859444587e-05
08/02/2006,0.0062410328794377,1.96230883663169e-05
09/02/2006,-0.00376049009569056,2.22400559473577e-05
10/02/2006,0.00205375390504158,4.75833425777206e-05
13/02/2006,-7.97551210141602e-05,2.27545549109404e-05
14/02/2006,0.00651754881748946,3.86134842835653e-05
15/02/2006,0.0116113266665525,9.11291385328231e-05
16/02/2006,0.00698679436244921,1.37811767460081e-05
17/02/2006,-0.002240243988026,1.35941438265909e-05
21/02/2006,-0.00464492429637412,2.20321461593012e-05
22/02/2006,0.00321135842499221,1.58456248321831e-05
23/02/2006,-0.00163159398652418,2.73511740107509e-05
24/02/2006,0.000763378669394643,1.47578748458094e-05
27/02/2006,0.000947187284796803,1.31062834074642e-05
28/02/2006,-0.00825304784689806,2.8090709351726e-05
01/03/2006,0.00503598905906884,1.6883533753328e-05
02/03/2006,0.00210003170536678,2.8973138886845e-05
03/03/2006,0.00288852502205983,3.40799501624334e-05
06/03/2006,-0.015083505707851,7.33109080263754e-05
07/03/2006,-0.000520427899328793,3.17982197044356e-05
08/03/2006,0.00208866238786951,3.20706811349166e-05
09/03/2006,-0.00554803067868196,2.00047461004894e-05
10/03/2006,0.00764612004563718,4.03575836557511e-05
13/03/2006,0.00250729525175283,1.59776889773161e-05
14/03/2006,0.0118805183340667,1.78992187107377e-05
15/03/2006,0.00533763410531152,1.56399970652801e-05
16/03/2006,0.00145059192306938,2.2927207857736e-05
17/03/2006,-0.00319213602823573,1.50915983898594e-05
20/03/2006,-0.00246071468898553,2.01700140981295e-05
21/03/2006,-0.00462437986127176,2.54223266101131e-05
22/03/2006,0.00644860296018168,2.08484745991747e-05
23/03/2006,-0.00286284220317191,2.09288654548479e-05
24/03/2006,0.00106579702338683,2.09536606848787e-05
27/03/2006,7.63758381345137e-05,1.34446777658189e-05
28/03/2006,-0.0052466731969753,2.9912089974774e-05
29/03/2006,0.00523771796977167,2.025104652871e-05
30/03/2006,-0.000702257524683501,4.13020147848028e-05
31/03/2006,-0.00330820729557734,2.51804092934229e-05
03/04/2006,-0.00369189752267923,2.02259629460092e-05
04/04/2006,0.00676753274428425,2.94520480637606e-05
05/04/2006,0.0035165381019418,2.49636735004347e-05
06/04/2006,1.42516914933537e-06,1.94673419623926e-05
07/04/2006,-0.0130559375890931,4.81378807519167e-05
10/04/2006,-0.00169995131140537,2.15754528546896e-05
11/04/2006,-0.00888944678099318,3.35533058735924e-05
12/04/2006,0.000316903906979362,2.15287140097435e-05
13/04/2006,0.00249085910221212,2.63594951361537e-05
17/04/2006,-0.00244991268426466,2.00558297680864e-05
18/04/2006,0.01265050109518,5.53419701919844e-05
19/04/2006,0.0018443475593092,3.52410631857301e-05
20/04/2006,-0.00172246304470723,4.3881118898841e-05
21/04/2006,-0.00516442180587861,2.38586655757087e-05
24/04/2006,-0.000599586071999976,2.30180961457623e-05
25/04/2006,-0.00688625835024216,2.85745003516878e-05
26/04/2006,0.00175573128648091,3.26243199381712e-05
27/04/2006,0.0106424883039883,9.45221104043296e-05
28/04/2006,0.00187610268206481,2.22820491384354e-05
01/05/2006,-0.00694696065546436,4.1565481536478e-05
02/05/2006,0.00276378807591148,1.48472056299423e-05
03/05/2006,-0.00230872075222462,2.60233867962504e-05
04/05/2006,0.000755413590303041,1.98521971882882e-05
05/05/2006,0.00502280149482857,1.6412389903958e-05
08/05/2006,0.000609741347667638,6.75833981617949e-06
09/05/2006,0.000179688367002951,5.86015868153424e-06
10/05/2006,-0.00147206100523693,2.25595721099499e-05
11/05/2006,-0.0139155602191769,3.78061934890712e-05
12/05/2006,-0.0112416963196765,6.87164483606549e-05
15/05/2006,0.00721908288579767,6.0716251772737e-05
16/05/2006,-0.00399265842265236,3.03678931670078e-05
17/05/2006,-0.0166191807532465,7.82974391133179e-05
18/05/2006,-0.008104605568996,6.14162347409112e-05
19/05/2006,0.00134792264208437,9.49753980232697e-05
22/05/2006,0.00181147439967974,0.000109043968598427
23/05/2006,-0.0113212587380883,5.32600541990346e-05
24/05/2006,0.000829850511956782,0.00016139918221106
25/05/2006,0.00578565510674788,3.4036153167195e-05
26/05/2006,0.0016841623625812,1.4236831614722e-05
30/05/2006,-0.0125380590476556,3.31519954268044e-05
31/05/2006,0.00454828790208337,5.50539056502368e-05
01/06/2006,0.010351454222146,4.77136628043718e-05
02/06/2006,-0.00262637805600594,5.37439014486277e-05
05/06/2006,-0.0151820735375076,4.99513945567395e-05
06/06/2006,-0.0057176433583605,0.000102172765682513
07/06/2006,-0.00782258644597566,6.14255422323603e-05
08/06/2006,0.00820930011951732,0.00015137500561437
09/06/2006,-0.00444922675265213,6.92392227036089e-05
12/06/2006,-0.0160217393431707,6.74890027896272e-05
13/06/2006,-0.00775718762602911,0.000148962099416113
14/06/2006,0.0017092875519265,9.8060374423312e-05
15/06/2006,0.0149528013704925,5.42509794886129e-05
16/06/2006,-0.0038319998000856,4.87929084614932e-05
19/06/2006,-0.0134117316250848,5.77511365596399e-05
20/06/2006,-0.000624568905652371,4.13110737112326e-05
21/06/2006,0.00987218393101482,4.33458686527789e-05
22/06/2006,-0.00149592408267517,3.50587661814412e-05
23/06/2006,0.000937432163817665,5.14419770139124e-05
26/06/2006,0.00305328000134009,2.24164969225233e-05
27/06/2006,-0.00996112968799539,3.1499079719996e-05
28/06/2006,0.00263954066237608,2.38885989001193e-05
29/06/2006,0.016152439474703,6.55808722219507e-05
30/06/2006,-0.00162512074031472,2.13382881797637e-05
05/07/2006,-0.00187887658403542,2.2675665139571e-05
06/07/2006,5.82670581830841e-05,2.65916095167228e-05
07/07/2006,-0.00555977413968655,3.31253587191065e-05
10/07/2006,-0.00223114188996442,2.6476866135685e-05
11/07/2006,0.0052068220672582,4.11968056703127e-05
12/07/2006,-0.00769724370988229,2.84476749216904e-05
13/07/2006,-0.0118760620563342,5.66187817148246e-05
14/07/2006,-0.00580474883440295,8.63054508837495e-05
17/07/2006,-0.00200792144322174,6.13797447583859e-05
18/07/2006,-0.00130738008080143,7.36924541372563e-05
19/07/2006,0.0131945154215044,6.44048157273722e-05
20/07/2006,-0.0101430881659597,3.86433305583563e-05
21/07/2006,-0.00705691698510244,7.72436049079991e-05
24/07/2006,0.013326488827605,3.44208313082992e-05
25/07/2006,0.00700283435416552,5.93151608813751e-05
26/07/2006,0.00336850446373667,4.37533623056015e-05
27/07/2006,-0.00768051206416411,5.01149771270351e-05
28/07/2006,0.00544998402296322,4.3948961451575e-05
31/07/2006,0.00048845784030113,2.45020710093535e-05
01/08/2006,-0.00117801882862831,2.90655210360118e-05
02/08/2006,0.00186430036632557,2.6784125397176e-05
03/08/2006,0.00598124487271835,3.56468418938804e-05
04/08/2006,-0.00616526240283447,5.2766168585901e-05
07/08/2006,-0.00111212263424787,2.21907870647408e-05
08/08/2006,-0.00740890306591869,6.2370729807271e-05
09/08/2006,-0.0111252361033185,4.02027827020814e-05
10/08/2006,0.00641751821302594,5.1109868962931e-05
11/08/2006,-0.00393885371050771,2.14756558526282e-05
14/08/2006,-0.00386051263115325,2.39394895499265e-05
15/08/2006,0.00229508494555153,2.33357298881367e-05
16/08/2006,0.00320494898257622,1.88337997965163e-05
17/08/2006,0.0039282084515861,1.69901964012248e-05
18/08/2006,0.00222236560440925,1.63716504456806e-05
21/08/2006,-0.000980841518656842,1.123580265948e-05
22/08/2006,0.001267331433286,1.77804110831413e-05
23/08/2006,-0.00593258031106329,2.04766111334131e-05
24/08/2006,0.000396348069235761,2.03919115750516e-05
25/08/2006,0.00100372754089445,1.26758568713133e-05
28/08/2006,0.00599622085216379,1.64693611085822e-05
29/08/2006,0.00260362162591191,1.9792206247683e-05
30/08/2006,-0.000213546833475056,1.45992030431335e-05
31/08/2006,-0.000933303783766923,1.14650977876407e-05
01/09/2006,0.00375333672121068,1.19395299650192e-05
05/09/2006,0.000932972907365003,1.13374340171687e-05
06/09/2006,-0.00597800450978658,1.58711962977288e-05
07/09/2006,-0.00168584036926337,2.77932407595001e-05
08/09/2006,0.00243527235220188,1.47043303566816e-05
11/09/2006,0.00429221362574159,2.45151414161345e-05
12/09/2006,0.0075508983211056,1.81698792149205e-05
13/09/2006,0.00470085359584319,1.31147979084481e-05
14/09/2006,0.00138147349958665,1.33525828458396e-05
15/09/2006,-0.00401246906917045,1.56520038627723e-05
18/09/2006,0.00176602874819482,2.13078214019071e-05
19/09/2006,-0.00189848095038486,2.26675726250786e-05
20/09/2006,0.000828050194736089,2.73940692213932e-05
21/09/2006,-0.0064060774974328,3.16329839740527e-05
22/09/2006,-0.00259173851274914,2.13948225928067e-05
25/09/2006,0.00559382105680456,2.85894506819646e-05
26/09/2006,0.0078984958046794,3.14798948509173e-05
27/09/2006,0.000691854490983962,3.35820651225977e-05
28/09/2006,0.000147915595932476,1.71760554250559e-05
29/09/2006,-0.00230999743367357,1.07678666685882e-05
02/10/2006,-0.00355427063867519,1.78462112221716e-05
03/10/2006,0.00405273641604299,2.53850055210342e-05
04/10/2006,0.0137245185234797,2.26092068336381e-05
05/10/2006,0.0027402943696722,1.34373018260305e-05
06/10/2006,-9.53276038380406e-05,2.62843367011799e-05
09/10/2006,0.00143730367022859,1.21002403752287e-05
10/10/2006,0.00166536069226297,1.19208519964083e-05
11/10/2006,0.00134504764489177,1.53167356670451e-05
12/10/2006,0.00636974360384438,1.05958380099043e-05
13/10/2006,0.00425247652985104,1.137584762928e-05
16/10/2006,0.00238356193791042,5.6538801353514e-06
17/10/2006,-0.000789545493141401,1.68804139322912e-05
18/10/2006,-0.00389270948372836,3.19644975611026e-05
19/10/2006,0.00276291448856514,1.09841979872481e-05
20/10/2006,0.00046465301489919,7.32300202828189e-06
23/10/2006,0.00856023575575751,2.01051589349016e-05
24/10/2006,0.00468758327989928,1.72983161368127e-05
25/10/2006,0.00386579926556085,3.02458240895478e-05
26/10/2006,0.00140312815281684,1.70735733295298e-05
27/10/2006,-0.00506110769739497,2.63801663183997e-05
30/10/2006,0.000511570351531896,1.87768824179859e-05
31/10/2006,-0.00271958728116749,2.54650864137249e-05
01/11/2006,-0.00929486639718904,1.80771976136352e-05
02/11/2006,0.00197269320229094,1.76013648108146e-05
03/11/2006,-0.00356931336554875,3.40128246770763e-05
06/11/2006,0.00753867418032974,1.70296147783176e-05
07/11/2006,0.00176277504364575,2.23247800604203e-05
08/11/2006,0.00364202845465286,3.75344307003143e-05
09/11/2006,-0.00745097449053173,2.94644984231674e-05
10/11/2006,0.000226617302237928,1.63551569990518e-05
13/11/2006,0.00368727289370944,1.58738474930001e-05
14/11/2006,0.00329190154903181,2.99337839892589e-05
15/11/2006,0.00223862287894881,1.59681401573727e-05
16/11/2006,-0.000819079435226791,1.40073024238472e-05
17/11/2006,0.00394446367581062,1.56271389695247e-05
20/11/2006,0.0015787883784317,1.59323939042638e-05
21/11/2006,0.000504706551900926,8.80689129126279e-06
22/11/2006,0.000901424551292579,1.67630448351684e-05
27/11/2006,-0.0132013385344908,4.08866306093378e-05
28/11/2006,0.00497576827178826,4.27526486114254e-05
29/11/2006,0.00611698747372913,2.63796219158341e-05
30/11/2006,-0.000533026187591728,5.36535486019457e-05
01/12/2006,-0.00435014152369571,6.22911481944111e-05
04/12/2006,0.00759311466525269,2.52863238641414e-05
05/12/2006,0.00169707482372099,2.37568428138322e-05
06/12/2006,0.000916336019216342,1.02990130860621e-05
07/12/2006,-0.00442956398367501,1.70857188249284e-05
08/12/2006,0.00124927273229187,2.26593595997362e-05
11/12/2006,0.00162917501164521,1.02328630273975e-05
12/12/2006,-0.000102103747147893,2.3649068590079e-05
13/12/2006,-0.00215013792321585,1.44166964268486e-05
14/12/2006,0.00792886164182116,2.05911826599143e-05
15/12/2006,-0.00179242890145406,1.72300978870939e-05
18/12/2006,-0.00550078620657455,1.48877733783907e-05
19/12/2006,0.00524226056120566,2.61981843510298e-05
20/12/2006,-0.0024777673822008,9.62823029972454e-06
21/12/2006,-0.00500217033064893,2.19094410504369e-05
22/12/2006,-0.00487999606866369,2.2257319189906e-05
26/12/2006,0.00496435958077331,7.96072258977079e-06
27/12/2006,0.00437366692742658,1.24506617599688e-05
28/12/2006,-0.000276469930494492,1.28225845882922e-05
29/12/2006,-0.00465546147573204,2.39318136744397e-05
03/01/2007,-0.00679983021270513,4.32504445755492e-05
04/01/2007,0.00270429352359762,3.9442715305228e-05
05/01/2007,-0.00376501022269858,3.63757685133387e-05
08/01/2007,0.00390350788070367,3.2483563703136e-05
09/01/2007,-0.00128181450746593,3.13141229176696e-05
10/01/2007,0.00610418956142842,2.27333144953788e-05
11/01/2007,0.00521308753046886,1.43953997054421e-05
12/01/2007,0.00612154389687746,1.86458825243524e-05
16/01/2007,0.000818715061783281,1.58562536929258e-05
17/01/2007,0.00292124486104869,2.44895689230821e-05
18/01/2007,-0.00471452745183374,2.50277083597812e-05
19/01/2007,0.00287806339519814,9.15637484025151e-06
22/01/2007,-0.00563408159294092,1.87621041734351e-05
23/01/2007,0.00220146019431472,2.13481059353775e-05
24/01/2007,0.00651090966732092,1.27127109348994e-05
25/01/2007,-0.0113294718062119,2.01148133331013e-05
26/01/2007,-0.00279552875347902,3.67512833406869e-05
29/01/2007,-0.00234078233093687,2.00210851915844e-05
30/01/2007,0.00189264415356061,1.56030353727066e-05
31/01/2007,0.00775373933980314,2.74258650472376e-05
01/02/2007,0.00339258203211942,1.6177326640141e-05
02/02/2007,0.000359274732951466,1.35274450327527e-05
05/02/2007,-0.00016123846727113,9.75179327243219e-06
06/02/2007,-0.000279616109874194,1.2692430414673e-05
07/02/2007,0.000308948365894506,1.06026310702288e-05
08/02/2007,0.00174357948244407,1.91238826868835e-05
09/02/2007,-0.00802855382934627,3.03274158709671e-05
12/02/2007,0.00181084801627537,1.58123889234691e-05
13/02/2007,0.00548764909195554,1.26124500168223e-05
14/02/2007,0.00411258986310349,1.75143125106023e-05
15/02/2007,-0.00132107917737131,9.79583496030004e-06
16/02/2007,0.00125593209866478,6.00810219720918e-06
20/02/2007,0.00367636679705402,1.65927029606309e-05
21/02/2007,0.00537350995032885,1.6371349605464e-05
22/02/2007,-0.0017145901225938,2.61283418045302e-05
23/02/2007,-0.0020589240227191,1.68547815185007e-05
26/02/2007,-0.000869246145293782,2.75531314884018e-05
27/02/2007,-0.0386138100919983,0.000218036303328169
28/02/2007,0.00384961663138745,9.04601125331322e-05
01/03/2007,0.0129136120462607,0.000200810286917971
02/03/2007,-0.00783790949752895,6.17392386519171e-05
05/03/2007,-0.00246281015519652,0.000116501829832853
06/03/2007,0.00690742207660946,4.36726029507472e-05
07/03/2007,-0.00348990358786118,3.55000536946013e-05
08/03/2007,-0.0012480689451764,2.87131895868629e-05
09/03/2007,-0.00258167767950066,4.67058795877894e-05
12/03/2007,0.00339965265780715,2.58215429195286e-05
13/03/2007,-0.0148281414878888,6.93430691535881e-05
14/03/2007,0.00484728055586947,0.000149699796985059
15/03/2007,0.00318430794695545,4.51219606556898e-05
16/03/2007,-0.00497863505790578,3.03572550050759e-05
19/03/2007,0.00448886206237403,2.73918832937255e-05
20/03/2007,0.00599356675019397,2.02163457454645e-05
21/03/2007,0.0156546858329685,6.86147170242745e-05
22/03/2007,-0.00253361919058044,2.03804316305967e-05
23/03/2007,0.00226784423252489,2.62998574400242e-05
26/03/2007,-0.00187988516720703,5.62077640458508e-05
27/03/2007,-0.00263772065627214,3.03134551262551e-05
28/03/2007,-0.00525137343482569,6.07986300506587e-05
29/03/2007,-0.00290103071369652,4.71669886942195e-05
30/03/2007,-0.000775480396439688,4.77334471111072e-05
02/04/2007,-0.000264488851500572,2.34290612906124e-05
03/04/2007,0.00111125812746978,3.16774056225986e-05
04/04/2007,0.000843786975519876,1.33925398764998e-05
05/04/2007,0.0032831408923186,7.14113241604446e-06
09/04/2007,-0.00200732374155824,1.07414930958805e-05
10/04/2007,0.00118937592422472,1.15318062098745e-05
11/04/2007,-0.00625655436139007,2.32284948077237e-05
12/04/2007,0.00689421050679482,2.03204554488179e-05
13/04/2007,0.00249415191685689,1.81832414276036e-05
16/04/2007,0.0056100428421409,1.10494709590078e-05
17/04/2007,6.2899639990848e-06,1.45392972206853e-05
18/04/2007,0.0036855354145254,1.49852570625723e-05
19/04/2007,0.00311366813323613,1.99726338205809e-05
20/04/2007,0.00208540098898663,1.51127285973152e-05
23/04/2007,-0.0012554314273713,1.39447892254964e-05
24/04/2007,-0.00185784184028839,2.44600932825158e-05
25/04/2007,0.00494273599788043,1.70752358887609e-05
26/04/2007,0.000201548780052059,1.71840404394447e-05
27/04/2007,0.00231264238218087,2.10530091159656e-05
30/04/2007,-0.00965940711371263,2.42794736546585e-05
01/05/2007,0.00128316829596992,3.69933667884585e-05
02/05/2007,0.00504023053041878,1.18743828065272e-05
03/05/2007,0.00168211441912236,1.88172061440938e-05
04/05/2007,-0.00252605932459432,2.19366400345804e-05
07/05/2007,0.000129863814345824,8.54795257687193e-06
08/05/2007,0.00195398875359693,1.13311841002328e-05
09/05/2007,0.00451609519619037,2.22507370247512e-05
10/05/2007,-0.00938780714596775,3.4228792892909e-05
11/05/2007,0.00703954118938696,1.87800924658639e-05
14/05/2007,-0.00325848324714475,2.43308613363693e-05
15/05/2007,-0.00177698947378258,4.93055637640291e-05
16/05/2007,0.00514525769065436,2.42228516037713e-05
17/05/2007,0.000952566209397864,1.85539218179513e-05
18/05/2007,0.00402523970492824,1.20769078886753e-05
21/05/2007,0.000986130317936377,2.86357446113701e-05
22/05/2007,-2.34620545016447e-05,2.05602781951122e-05
23/05/2007,-0.00346875189817914,2.5173572935086e-05
24/05/2007,-0.0107791620735402,5.61139774144947e-05
25/05/2007,0.00244484835269559,1.85140212705653e-05
29/05/2007,0.000726115132227584,2.85708300053103e-05
30/05/2007,0.0123291782147963,3.29703861730211e-05
31/05/2007,-0.000443163659648238,1.75684576381985e-05
01/06/2007,0.000934661772405888,2.07360946930386e-05
04/06/2007,0.00424752731001815,1.31391199610788e-05
05/06/2007,-0.00169237156531341,2.45828675067483e-05
06/06/2007,-0.00594777835548606,2.51498845648577e-05
07/06/2007,-0.0204604864510059,0.000105580177815648
08/06/2007,0.0097921697035439,4.91745564699762e-05
11/06/2007,0.00264940357009634,2.29235999898546e-05
12/06/2007,-0.00476661778474429,4.98676270644932e-05
13/06/2007,0.00927359949042653,5.00912290284412e-05
14/06/2007,0.0038082142041701,2.35958364637833e-05
15/06/2007,-0.000913839460385184,1.18793442559144e-05
18/06/2007,-0.00266250247757014,1.70996119682978e-05
19/06/2007,0.00505410202186217,2.04926710967704e-05
20/06/2007,-0.020862622897878,7.08619692864446e-05
21/06/2007,0.00565084710807893,7.56604420741955e-05
22/06/2007,-0.00830899160566659,7.49090635252284e-05
25/06/2007,-0.00447906375807771,0.00010585507178286
26/06/2007,-0.0059241198871721,7.54738574878297e-05
27/06/2007,0.015225420010117,6.18499001380888e-05
28/06/2007,-0.00154689984415287,7.05563196371282e-05
29/06/2007,-0.00652283244686617,7.54767476364308e-05
02/07/2007,0.00608800630720975,2.44279334225935e-05
05/07/2007,0.000342765795718898,2.14316473032061e-05
06/07/2007,0.00288804620808391,1.78807230533761e-05
09/07/2007,-0.000308292216184685,1.49028745552095e-05
10/07/2007,-0.012116945669576,5.5077692176352e-05
11/07/2007,0.00808926926997558,5.71744012557802e-05
12/07/2007,0.0146034187091302,2.79627926474787e-05
13/07/2007,0.00362315842856259,2.03211678194626e-05
16/07/2007,-0.000851081247788969,2.36092429387788e-05
17/07/2007,-0.00044365141406342,2.50893425944466e-05
18/07/2007,0.00101228949775311,6.22169853097854e-05
19/07/2007,0.000597209541898599,1.88177873888711e-05
20/07/2007,-0.00950661282283655,7.68293942120674e-05
23/07/2007,-0.00279876334067988,2.20027668426651e-05
24/07/2007,-0.0100786645887027,6.54906300521921e-05
25/07/2007,-0.00116892769769558,0.000116129549700476
26/07/2007,-0.0111526819232234,0.000251593188234871
27/07/2007,-0.0145245001204702,0.000186364552237214
30/07/2007,0.0101326898182196,0.000141308043936355
31/07/2007,-0.0196373512948453,0.000103645307300502
01/08/2007,0.00855519829107864,0.000300286927295061
02/08/2007,0.00146849447901513,0.000113403097763438
03/08/2007,-0.0280880412609278,0.000188892635014176
06/08/2007,0.0178445185443811,0.000206390445859488
07/08/2007,0.0115139766202691,0.000212865540035171
08/08/2007,0.00979112143317942,0.000116420535267742
09/08/2007,-0.0115704390337069,0.000254532199028396
10/08/2007,0.00885401607099018,0.000371097206333201
13/08/2007,-0.00963868679598572,0.000106903759034354
14/08/2007,-0.0206008545042005,0.000174426931789882
15/08/2007,-0.0127667890515738,0.000213889121259703
16/08/2007,0.0137807505121737,0.000538376924109454
17/08/2007,-0.00524630760391247,0.000220360888071234
20/08/2007,-0.00313307190277246,0.000124717773425749
21/08/2007,0.00186721488438753,9.49369027909187e-05
22/08/2007,0.00430004133430799,5.65414913355143e-05
23/08/2007,-0.00627916185882131,8.03415779730527e-05
24/08/2007,0.0115514156687945,4.00357287467136e-05
27/08/2007,-0.0074934186343231,3.6167761379439e-05
28/08/2007,-0.0176480433652325,4.43156174282946e-05
29/08/2007,0.015281084043093,6.89938508333587e-05
30/08/2007,0.00512761395228799,7.70766048277108e-05
31/08/2007,-0.00168621187942216,8.34938104783548e-05
04/09/2007,0.0117115022506764,4.11639616561634e-05
05/09/2007,-0.00374722629125251,5.02516470502515e-05
06/09/2007,0.00240809798798848,4.45945788659875e-05
07/09/2007,-0.00379021711047469,8.81416016592339e-05
10/09/2007,-0.0056697891383737,0.00011025346724619
11/09/2007,0.00992891481882278,6.43482545659356e-05
12/09/2007,0.00316668028057218,5.27536731029279e-05
13/09/2007,0.00256133627583847,3.20821890311341e-05
14/09/2007,0.00639099377355921,3.4683632447842e-05
17/09/2007,-0.00132621358658305,2.88560827883087e-05
18/09/2007,0.0241308035859609,0.000196010564305126
19/09/2007,-0.00079790562526594,4.68710399958629e-05
20/09/2007,-0.0129345281917873,9.64185185321376e-05
21/09/2007,-0.0023386123752784,2.06231641932342e-05
24/09/2007,-0.00145971861600732,5.47942914091904e-05
25/09/2007,0.00503305418977446,3.42649494098684e-05
26/09/2007,0.000720112760441475,2.96658109770561e-05
27/09/2007,0.000248600169959779,2.18367021077367e-05
28/09/2007,-0.0029253972729243,2.50728311512843e-05
01/10/2007,0.0121926534579541,3.25958858552849e-05
02/10/2007,-0.000878435327562063,2.0360436405427e-05
03/10/2007,0.000195981277336456,2.29958386414709e-05
04/10/2007,0.000445059632826546,1.23374801979159e-05
05/10/2007,0.00438266677803301,2.39018274712392e-05
08/10/2007,-0.000491238830098822,1.35775964963378e-05
09/10/2007,0.00416969483102709,2.85076618339368e-05
10/10/2007,0.000175899030403327,2.36746403079437e-05
11/10/2007,-0.0103175992919776,7.33191280893706e-05
12/10/2007,0.00437514537582437,3.2319745869994e-05
15/10/2007,-0.0095878744402479,5.59490835653977e-05
16/10/2007,-0.00407257058145657,4.54249154604218e-05
17/10/2007,-0.00525092835240244,7.37940189961789e-05
18/10/2007,0.00263568253279233,4.89569263370218e-05
19/10/2007,-0.0198182855644287,0.000101463388472011
22/10/2007,0.0113068952894936,0.000102366951983336
23/10/2007,0.00417795257185461,6.1936683354619e-05
24/10/2007,0.00217392291895657,0.000203835301714019
25/10/2007,-0.00191521468464818,0.000142436229683683
26/10/2007,0.00262875975580854,4.12519706509259e-05
29/10/2007,0.00145028895508071,3.47053048556758e-05
30/10/2007,-0.00185226468569601,2.0621691689144e-05
31/10/2007,0.00491954765954739,0.000112678253382529
01/11/2007,-0.0164744294174872,0.000134524429297997
02/11/2007,-0.00233779327074989,0.000221724612191628
05/11/2007,0.00379880625655916,0.000129583521957753
06/11/2007,0.00808585425139644,7.21026468308438e-05
07/11/2007,-0.0181902288410937,0.000167301041610315
08/11/2007,-0.00191267624533495,0.000335992182948452
09/11/2007,-0.00175000729615067,0.000212201925357257
12/11/2007,-0.00875891532772288,0.000165295569597589
13/11/2007,0.0209016205403421,8.11131198463261e-05
14/11/2007,-0.0136968797610736,0.000107039557756366
15/11/2007,-0.00967783801948967,0.000137729418430221
16/11/2007,-0.00155947194703582,0.000156586388073844
19/11/2007,-0.0119095859263553,0.000110021076759118
20/11/2007,0.00378089680868527,0.000299644247354053
21/11/2007,-0.00835094691441976,0.000196531914489066
26/11/2007,-0.025033101002216,0.000131307292267136
27/11/2007,0.00995714060160472,0.000200347604024166
28/11/2007,0.0205621376656339,8.46122580841652e-05
29/11/2007,0.00461066711053295,0.000106675336371938
30/11/2007,-0.00359390228049115,8.37545770332624e-05
03/12/2007,-0.00424665001337251,7.71592849682161e-05
04/12/2007,-2.03494565405751e-05,4.63758561749369e-05
05/12/2007,0.00628750073310177,6.64874367539628e-05
06/12/2007,0.0173825236709169,4.48022453027157e-05
07/12/2007,-0.00513538436019183,3.09288282453596e-05
10/12/2007,0.00519656591099783,3.39116994046361e-05
11/12/2007,-0.0256165815652322,0.000225112981109126
12/12/2007,-0.0152360474874568,0.000221337853651197
13/12/2007,0.00759076757423721,0.000127775299586636
14/12/2007,-0.00602192911269229,6.90196148007199e-05
17/12/2007,-0.00925947956098863,8.63609595121107e-05
18/12/2007,-0.00161167235557294,0.00010179278987172
19/12/2007,-0.00267228565722659,0.000110298684665982
20/12/2007,-0.00209911626199003,7.10268403868857e-05
21/12/2007,0.0052574542081046,2.76833639025076e-05
26/12/2007,0.00551438047214903,1.51383375303423e-05
27/12/2007,-0.00974396243688113,3.61024868767151e-05
28/12/2007,-0.00633744371717944,4.40250348437043e-05
31/12/2007,-0.00405284786932713,4.00081162534284e-05
02/01/2008,-0.0310135045733716,0.000409041916277858
03/01/2008,-0.00310988565226188,5.33805657794899e-05
04/01/2008,-0.0166692205999221,0.000127156593429633
07/01/2008,-0.00217075775360225,0.000180656530284272
08/01/2008,-0.0226609362740173,0.000212920743194419
09/01/2008,0.0132298420563147,0.000241405342596383
10/01/2008,0.0149436470158123,0.000333361168798746
11/01/2008,-0.00550626016699865,0.000164570176468217
14/01/2008,0.00246384041641587,4.86540765013956e-05
15/01/2008,-0.011898446808403,0.000104826078064128
16/01/2008,-0.00244022517759068,0.000275432631475354
17/01/2008,-0.0324263634311013,0.000311031195412642
18/01/2008,-0.0125014313761093,0.000325797706315599
22/01/2008,0.0366550917527024,0.000712810908294953
23/01/2008,0.052124991775882,0.000774112642536514
24/01/2008,0.00539830033276191,0.000317105585882423
25/01/2008,-0.0265211654151781,0.000244581054812766
28/01/2008,0.0150124965781073,0.000236683408925357
29/01/2008,8.24791578336208e-05,8.3682879432199e-05
30/01/2008,-0.00148574909254189,0.00020216739226202
31/01/2008,0.0282512786026803,0.000395206495251641
01/02/2008,0.0103650643578868,0.000137751372316032
04/02/2008,-0.00828861419396196,6.11715629187227e-05
05/02/2008,-0.0162133544607694,0.000138214103630301
06/02/2008,-0.0131316469866087,0.000130717888846803
07/02/2008,0.0128831318795061,0.000299645868430745
08/02/2008,-0.00135915312989277,0.000156425816216564
11/02/2008,0.00534833649518522,9.15074234755999e-05
12/02/2008,-0.00130097157352833,0.000142108867616234
13/02/2008,0.0043744889609717,8.31939771976697e-05
14/02/2008,-0.0127878728456607,0.000120378661008268
15/02/2008,0.00498524980717611,7.44239524017139e-05
19/02/2008,-0.011364825912626,8.06200535636375e-05
20/02/2008,0.0148535981970349,0.000140757731765298
21/02/2008,-0.0158030279461734,0.000108653749349452
22/02/2008,0.00457840667210727,0.000166160602185
25/02/2008,0.013736447146764,0.000205800211966631
26/02/2008,0.010663427310584,0.000109058875817867
27/02/2008,0.00307117524487959,0.000102698926038934
28/02/2008,-0.00177123617218012,8.42985909883693e-05
29/02/2008,-0.0165059725898984,9.4444524381471e-05
03/03/2008,0.00112579964905942,0.000118140941350573
04/03/2008,0.00508427338033739,0.000168768173509307
05/03/2008,0.00188425040099778,0.000155873907063246
06/03/2008,-0.0162721351521224,0.000141168636795373
07/03/2008,6.08902914169805e-05,0.000278058370015871
10/03/2008,-0.0141697038906397,0.000140353600676292
11/03/2008,0.0139968859678432,0.000153092975077514
12/03/2008,-0.0108413737383263,0.000109406570485872
13/03/2008,0.0178198138517444,0.000308253068248808
14/03/2008,-0.0270114819283534,0.000558148073629476
17/03/2008,0.012311838242769,0.00034861511438643
18/03/2008,0.0176741874182538,0.000272714101737586
19/03/2008,-0.0293297804083599,0.000231759406414807
20/03/2008,0.0211572900704683,0.000151972940675175
24/03/2008,0.0110515572693013,9.36182343606797e-05
25/03/2008,0.00162701904943822,9.81185207488363e-05
26/03/2008,-0.00326491748787489,9.58379980966427e-05
27/03/2008,-0.0125538867349162,0.000125032029631343
28/03/2008,-0.0115917399106752,7.36075292803671e-05
31/03/2008,0.00604329340239153,9.20604528558759e-05
01/04/2008,0.0240378749028247,9.06369444293172e-05
02/04/2008,-0.00391207343676368,7.81342932244464e-05
03/04/2008,0.00565594908135252,7.64466608533354e-05
04/04/2008,-0.0002908694530458,7.60889427429897e-05
07/04/2008,-0.0059865538881033,5.91231664216836e-05
08/04/2008,0.00278472980544966,5.18034623408016e-05
09/04/2008,-0.00861702251417496,5.49760148270446e-05
10/04/2008,0.00499342105306656,7.57412948492538e-05
11/04/2008,-0.0089848448329034,6.49135732617032e-05
14/04/2008,-0.00253946619173725,5.06943841126277e-05
15/04/2008,-0.00069959719875667,5.98986723498537e-05
16/04/2008,0.0123733061938476,4.78301015307856e-05
17/04/2008,0.00389246933479666,5.71573387099093e-05
18/04/2008,0.000185768626232088,4.30574725616902e-05
21/04/2008,0.0036597278326232,3.09671258149911e-05
22/04/2008,-0.00340470866737072,5.07034947957065e-05
23/04/2008,-0.00154884431914261,6.36586998735605e-05
24/04/2008,0.00553888421956877,0.000111266602821009
25/04/2008,0.00284427467426601,7.50329960487911e-05
28/04/2008,-0.00174309145758046,3.85204794604155e-05
29/04/2008,-0.00133102663111357,3.15473865900849e-05
30/04/2008,-0.00942151607866965,0.000134478623852979
01/05/2008,0.0180918867179341,6.70554318620656e-05
02/05/2008,-0.00651088096435651,8.79617709542951e-05
05/05/2008,-0.00214654847727697,3.87777322066001e-05
06/05/2008,0.0121656090061479,5.19208688664062e-05
07/05/2008,-0.0184453115868606,4.98150006005506e-05
08/05/2008,0.00204961421169101,7.22527390492956e-05
09/05/2008,0.00221578059068672,4.33468208391298e-05
12/05/2008,0.00903645368983694,3.98741868083976e-05
13/05/2008,-0.00270261653864215,3.10132218673339e-05
14/05/2008,3.78528718615488e-05,3.42517065443187e-05
15/05/2008,0.0110169238137947,4.80922801923678e-05
16/05/2008,-0.00101459103906377,4.3693118733054e-05
19/05/2008,0.000795744086210926,5.87540652446262e-05
20/05/2008,-0.00453392514311222,5.51143022671906e-05
21/05/2008,-0.0185856252761861,9.20299994817821e-05
22/05/2008,0.00119090620426351,4.59486874920302e-05
23/05/2008,-0.00818227357995288,6.13314474624033e-05
27/05/2008,0.00740642634811614,5.31741492742367e-05
28/05/2008,0.00318445732141018,6.09278508074549e-05
29/05/2008,0.00638360361402585,4.54712233588266e-05
30/05/2008,-0.00291953201541972,3.84357062856317e-05
02/06/2008,-0.00662381530142861,4.71342363654629e-05
03/06/2008,-0.010337259789552,8.60397790242953e-05
04/06/2008,0.00267287775763046,9.74870392443667e-05
05/06/2008,0.0158274907697434,6.82978685013622e-05
06/06/2008,-0.022863652029745,0.000137677252367046
09/06/2008,-0.000958136295097967,0.000110653028776533
10/06/2008,0.00349987079417289,9.7839993503424e-05
11/06/2008,-0.0146979716858603,0.000109055868860327
12/06/2008,-0.00186408014449678,8.54108628765535e-05
13/06/2008,0.00916956880081187,0.000126980603251886
16/06/2008,0.0067852867917151,6.21076104028361e-05
17/06/2008,-0.0116963935245064,6.36260311529184e-05
18/06/2008,-0.00285259729485312,8.94557763026591e-05
19/06/2008,0.00489058678663003,8.73284801189326e-05
20/06/2008,-0.00659875446353679,8.8097031448138e-05
23/06/2008,-0.00257918985539966,6.76622996040522e-05
24/06/2008,0.00134274118669392,8.59983048760881e-05
25/06/2008,0.00124029763286292,9.79183853830264e-05
26/06/2008,-0.0180778690576281,8.95756164889692e-05
27/06/2008,-0.00311883200863925,0.000117347314694463
30/06/2008,-0.000717993746296458,8.64094592751726e-05
01/07/2008,0.0140154915217757,0.000216082666579056
02/07/2008,-0.0224520964683086,0.000130638184715912
07/07/2008,-0.0146401373208309,0.000222606386343582
08/07/2008,0.0192459599444597,0.000156321659982612
09/07/2008,-0.0246982549051374,0.000138535653955345
10/07/2008,0.00601425426190209,0.000274162010521173
11/07/2008,0.00108592839589262,0.000431373040341905
14/07/2008,-0.0197212625850055,0.000177501015985516
15/07/2008,-0.0026116219618263,0.000277173713979542
16/07/2008,0.0245462012398847,0.000220754009227945
17/07/2008,0.00673412207932231,0.000143051771770475
18/07/2008,-0.00207264541389835,8.60410939329951e-05
21/07/2008,-0.00431574452883822,5.16306417075233e-05
22/07/2008,0.0206719229399181,8.91684292072029e-05
23/07/2008,0.00285573346997462,0.000107418820664714
24/07/2008,-0.0235205249928253,7.97353386478628e-05
25/07/2008,-0.000892697382753314,0.000117333516181729
28/07/2008,-0.0158216378321624,7.37882595918475e-05
29/07/2008,0.0178250937755183,8.42305686591834e-05
30/07/2008,0.0112871714905734,0.000120845584937163
31/07/2008,-0.0045096492126951,0.000104041974430393
01/08/2008,-0.00777764585358849,0.000122826955508687
04/08/2008,-0.00891126102690055,7.40190670021613e-05
05/08/2008,0.0185618557702617,5.79741880349622e-05
06/08/2008,0.00847080907762385,5.51067619363273e-05
07/08/2008,-0.0087025368412757,8.48777451665737e-05
08/08/2008,0.0247432614198908,8.0566883324098e-05
11/08/2008,0.0114023491605179,6.44011826477612e-05
12/08/2008,-0.00553482401053626,6.40887960324075e-05
13/08/2008,0.000528296535536755,0.000101020612149109
14/08/2008,0.0136371389085488,7.67904403778398e-05
15/08/2008,0.00160619436895182,6.95012109055644e-05
18/08/2008,-0.0169287751529023,8.31674213200058e-05
19/08/2008,-0.00481361455299908,7.05090238430807e-05
20/08/2008,0.00167507499536745,0.000103954519244786
21/08/2008,0.00911328523743643,8.36982389526312e-05
22/08/2008,0.00555156710408576,5.11374237917971e-05
25/08/2008,-0.0126650116643144,5.63647491635189e-05
26/08/2008,0.00366595172569831,7.34434538723968e-05
27/08/2008,0.00705032847190512,5.6689195487317e-05
28/08/2008,0.00808645141288601,4.69188400964526e-05
29/08/2008,-0.00727771911129511,4.96896663716441e-05
02/09/2008,-0.0156659293983611,8.75726084554844e-05
03/09/2008,0.000751538664361048,0.000114720803276869
04/09/2008,-0.0228005801160683,0.000115460688843707
05/09/2008,0.0107426248860852,0.000161031970042332
08/09/2008,-0.00402308027075086,0.000288907762222707
09/09/2008,-0.0338447769161578,0.000186749671394612
10/09/2008,-0.00181579819396094,0.000181346230942147
11/09/2008,0.0277430592017119,0.000279950572283471
12/09/2008,0.0114800869161391,0.000192600660409101
15/09/2008,-0.0121231859248767,0.000441040494817897
16/09/2008,0.0380956135221134,0.0012734052277411
17/09/2008,-0.0269202863734829,0.000679499435144111
18/09/2008,0.0221148541437471,0.00144088204393162
19/09/2008,-0.0127338894731484,0.000433135784882449
22/09/2008,-0.032406791850475,0.000241906396417796
23/09/2008,-0.0182153516421888,0.000405686334821373
24/09/2008,-0.00327296946176254,0.000320056159686594
25/09/2008,0.013771015348721,0.000251367098250161
26/09/2008,0.0210559672342168,0.000240284404437208
29/09/2008,-0.0558823284255588,0.00199674921131926
30/09/2008,0.0277858338870618,0.00036192708212899
01/10/2008,0.0113705991795779,0.000429849389843248
02/10/2008,-0.0317370938317311,0.000427744744049171
03/10/2008,-0.025967484312035,0.000960055095600222
06/10/2008,-0.00614140674023795,0.00132945353487137
07/10/2008,-0.0682251163910397,0.000947004407721097
08/10/2008,0.0280004780443978,0.00249025375776115
09/10/2008,-0.0796818053956212,0.00181953826739914
10/10/2008,0.0406660118047463,0.00608079271010813
13/10/2008,0.0717421980415831,0.000899004245996355
14/10/2008,-0.0468352871371323,0.00197257103202697
15/10/2008,-0.0722014117561062,0.0013327429227062
16/10/2008,-0.0103914519105982,0.00425339331052413
17/10/2008,0.0211219804844409,0.00148914464503647
20/10/2008,0.0318856089082862,0.000614440000972278
21/10/2008,-0.0256917824633988,0.000781588157544431
22/10/2008,-0.0355134598258917,0.0010701427335475
23/10/2008,0.012511021410122,0.00348592045611265
24/10/2008,0.0421875767563619,0.00254925691285886
27/10/2008,-0.0116063314609033,0.00167185963349136
28/10/2008,0.0711692824463731,0.00153999620304567
29/10/2008,-0.0156815926497149,0.00242398021284738
30/10/2008,-0.00266680792284437,0.000918342897904273
31/10/2008,0.0248243548669424,0.00100542745464467
03/11/2008,0.0014529337766148,0.000263851143544553
04/11/2008,0.0130884686044667,0.000312131711048344
05/11/2008,-0.0350581027773186,0.000512333679540768
06/11/2008,-0.0403435139441829,0.000697006631047423
07/11/2008,0.017788894867256,0.000649101792222965
10/11/2008,-0.032785971990648,0.000648551280300628
11/11/2008,-0.00818895066490868,0.000882490520343921
12/11/2008,-0.0296320837328214,0.000553499563005926
13/11/2008,0.0592522681291622,0.00273950809961027
14/11/2008,-0.0206929225297002,0.00169939492898454
17/11/2008,-0.0123845315365559,0.00106379254476947
18/11/2008,0.0121815560080448,0.00136114540535226
19/11/2008,-0.0567827365070048,0.00123084571356761
20/11/2008,-0.0553506622017269,0.00238845070726611
21/11/2008,0.0387058184349598,0.00258009110604157
24/11/2008,0.0368852707636932,0.00117075667970757
25/11/2008,-0.0134006901236143,0.00112825766673051
26/11/2008,0.0565948043544895,0.000631319845838842
01/12/2008,-0.0604248536636532,0.000639648133363202
02/12/2008,0.0247447622018693,0.000981395274889775
03/12/2008,0.0479300702697663,0.000953165529448341
04/12/2008,-0.0123567519204715,0.000836417485920305
05/12/2008,0.0516581576357344,0.00110646676789176
08/12/2008,0.0107601312791437,0.000538343287597805
09/12/2008,-0.010925350338985,0.000656252075551029
10/12/2008,-6.31602807753063e-05,0.000543110361525985
11/12/2008,-0.0146847953722499,0.000409028623198861
12/12/2008,0.0364217412990967,0.000704375946413418
15/12/2008,-0.016875547373347,0.000376581242933094
16/12/2008,0.0378497885634319,0.000536156851999695
17/12/2008,0.00193859311964686,0.000500486006475078
18/12/2008,-0.0254974435381869,0.000427806888371745
19/12/2008,-0.00868131884084835,0.000331448622627218
22/12/2008,-0.0170696905266511,0.000268945116605828
23/12/2008,-0.0142759569644349,0.000281835300593636
26/12/2008,-0.000391878379759786,3.50701946739553e-05
29/12/2008,-0.00384554362300266,0.000129899251440896
30/12/2008,0.0161490429221642,0.00012112718857472
31/12/2008,0.0142196913920563,0.0001245225006386
02/01/2009,0.0268056421236354,0.00014298914684395
05/01/2009,0.00142461372158731,0.000173739983563304
06/01/2009,-0.00144553664452373,0.000215392133789003
07/01/2009,-0.0145650851985632,0.000151456047675106
08/01/2009,0.0105365107965925,0.000187471968573306
09/01/2009,-0.0244865492178223,0.000278956061545006
12/01/2009,-0.0203563621326767,0.000158841291173078
13/01/2009,0.00275199946699423,0.000314783175929251
14/01/2009,-0.0143104496803325,0.00029042865054008
15/01/2009,0.00569009278267152,0.000613961335990715
16/01/2009,-0.0100813291903205,0.000443754475318642
20/01/2009,-0.0441073687752952,0.000634970177828791
21/01/2009,0.0255459631785152,0.000505997501702966
22/01/2009,0.00455272142713362,0.000878991736493871
23/01/2009,0.0276194346328548,0.000736594057222042
26/01/2009,-0.000742088069889053,0.000456712486854268
27/01/2009,0.00506707218863463,0.000315219008523533
28/01/2009,0.012263799258608,0.000223917885512515
29/01/2009,-0.0186392846785816,0.000202130171261673
30/01/2009,-0.0262627655429693,0.000294431587101379
02/02/2009,0.0119464308196056,0.000249104726490741
03/02/2009,0.00734724325390138,0.000268851698591545
04/02/2009,-0.0130530780798466,0.000300109541213205
05/02/2009,0.0240255650760986,0.00039973620360928
06/02/2009,0.0250361687757338,0.000241872486365792
09/02/2009,0.00224019836414274,0.000226097314594668
10/02/2009,-0.0409381493095482,0.000584277308048558
11/02/2009,0.00383381067503912,0.00034533564099758
12/02/2009,0.0184457236241042,0.00050654788103594
13/02/2009,-0.00889208966206006,0.000335654919042622
17/02/2009,-0.0106173765320429,0.000475222584540781
18/02/2009,-0.0078839953881612,0.000454662086468167
19/02/2009,-0.0209423254476045,0.000327719625670429
20/02/2009,0.008649456232213,0.000490351238638774
23/02/2009,-0.0463693805146983,0.000365332813092657
24/02/2009,0.0277981344649439,0.000475197958710968
25/02/2009,-0.00341292009948581,0.000547706485782584
26/02/2009,-0.0291552084093709,0.00044164195083136
27/02/2009,0.000135872579721355,0.000550638987533232
02/03/2009,-0.0249762752720915,0.00035803516963725
03/03/2009,-0.0218007739731582,0.000623677649742004
04/03/2009,0.00776724728623217,0.000379387015035659
05/03/2009,-0.0195638187428281,0.000503336564122098
06/03/2009,-0.00811289024320942,0.000894104260373687
09/03/2009,0.00166826752243539,0.000568457444153313
10/03/2009,0.0388245369378844,0.000421766827432474
11/03/2009,-0.00550272081046831,0.000518922473862322
12/03/2009,0.0394748646707477,0.000305114916158025
13/03/2009,0.00271686288072636,0.000364830288261451
16/03/2009,-0.0133439707551377,0.000324785294287389
17/03/2009,0.0287311744046792,0.000353947863038462
18/03/2009,0.0269057662272668,0.000798779585848853
19/03/2009,-0.0254829571734006,0.000407441135723583
20/03/2009,-0.024789160750997,0.000302820307043255
23/03/2009,0.0435882628328615,0.000279244853753234
24/03/2009,-0.00812918074954943,0.00021626850325176
25/03/2009,0.000976838660256891,0.000448766369767352
26/03/2009,0.0114125890064582,0.000426022189127904
27/03/2009,-0.00742855123782748,0.000215699160284228
30/03/2009,-0.0119408578573039,0.000265063762327906
31/03/2009,-0.000410186169403125,0.000308842117447707
01/04/2009,0.030292548981233,0.000305822139821911
02/04/2009,0.00516962879912002,0.000224911988787852
03/04/2009,0.0093034146615331,0.000239077912193433
06/04/2009,0.00209373023901191,0.000257381396022262
07/04/2009,-0.00779454049990733,0.000206521914679141
08/04/2009,0.00474833571207604,0.000184752054361335
09/04/2009,0.0119714608960019,0.000142997733880003
13/04/2009,0.0106009885222378,0.000157104808689887
14/04/2009,-0.00750756259216134,0.000177223590800379
15/04/2009,0.0172976990190376,0.000132453564858654
16/04/2009,0.00662415723820387,0.000178578672234339
17/04/2009,0.00278310083130162,0.000125457023863504
20/04/2009,-0.0247277836047653,0.000144938024411069
21/04/2009,0.0270525413686821,0.000186952218940267
22/04/2009,0.00351045923348478,0.000266239205754217
23/04/2009,0.00694861431358218,0.000229233915630808
24/04/2009,0.00616042667948634,0.00019957953044632
27/04/2009,0.00199620827999072,0.000233449007043134
28/04/2009,0.00571728644870086,0.000164969232032756
29/04/2009,0.0113051911086696,0.000196268901634743
30/04/2009,-0.0132170970804012,0.000262821859272328
01/05/2009,0.0055113364692575,0.000155019777022209
04/05/2009,0.0263275672349214,0.000190600752111836
05/05/2009,0.000104397288685717,0.000114904899721484
06/05/2009,0.00517259004534446,0.000187870559651536
07/05/2009,-0.0231387250043823,0.000239217190842822
08/05/2009,0.0109442365180884,0.00018565848646283
11/05/2009,-0.00447743377131375,0.00011662923233536
12/05/2009,-0.00645730015100176,0.000154060858216739
13/05/2009,-0.012372743177502,0.000178703395113488
14/05/2009,0.00708971111118926,0.000150001624466
15/05/2009,-0.00875639983214279,0.000146135472250206
18/05/2009,0.0191952172806053,7.40001695915792e-05
19/05/2009,-0.000453644100187946,0.00013537912929261
20/05/2009,-0.0145091880830869,0.000176724082867684
21/05/2009,-0.00212600626175418,0.000130160117857088
22/05/2009,-0.00256208900502682,0.000114255300108079
26/05/2009,0.0330870395531574,0.000169066780604398
27/05/2009,-0.0197864064390735,0.000193234600719292
28/05/2009,0.00406151681724999,0.000218788168310932
29/05/2009,0.0122581348403621,0.000276847023835576
01/06/2009,0.0114012995203051,9.62720274320989e-05
02/06/2009,0.00350066014616358,0.000127222005737344
03/06/2009,-0.00394965573508331,0.000107069309777747
04/06/2009,0.00542298328102638,7.82305900993143e-05
05/06/2009,-0.00912765662079811,0.000201019399847677
08/06/2009,0.00484947458616103,0.000126062925963109
09/06/2009,0.000426384762346438,7.29848374052309e-05
10/06/2009,-0.0125523301003805,0.000123588667185581
11/06/2009,0.00329485116775054,0.000126444446019031
15/06/2009,-0.0121559256933095,0.000100543424695937
16/06/2009,-0.0167008798358843,0.000102977350044491
17/06/2009,0.00518145902385441,0.000139034541395145
18/06/2009,0.00465113250333057,9.70180400480954e-05
19/06/2009,-0.00803317813925206,6.82081955835465e-05
22/06/2009,-0.0204071160265971,0.000120283627687512
23/06/2009,0.000447406276986385,0.000143520591397566
24/06/2009,-0.00151574910856472,0.000124644389711867
25/06/2009,0.026243613003306,0.000138315197388101
26/06/2009,0.000214142079045528,9.56502419539875e-05
29/06/2009,0.00620597628581469,7.16983552282074e-05
30/06/2009,-0.0082516276167676,0.00010065716796329
01/07/2009,0.00125791815449039,7.77944799389019e-05
02/07/2009,-0.0141041844130354,7.8823054837379e-05
06/07/2009,0.0107632850889269,8.97018093625004e-05
07/07/2009,-0.0191784874609971,9.40182767074599e-05
08/07/2009,-0.00611602724040658,0.000165206046718271
09/07/2009,-0.00458202531224825,0.000127573106926096
10/07/2009,0.00260260750011566,0.000125453003330136
13/07/2009,0.0211529447837947,0.000103402448710737
14/07/2009,0.00297634269790942,6.38984717105557e-05
15/07/2009,0.0163913075333355,4.61627592849368e-05
16/07/2009,0.0139763363423791,7.90393559473014e-05
17/07/2009,0.000316406668728987,5.77083818381465e-05
20/07/2009,0.00414329609472608,8.23396146341146e-05
21/07/2009,-0.00178256132248247,9.56245637331144e-05
22/07/2009,0.00628584221407164,8.92924807250274e-05
23/07/2009,0.0222511526984306,0.000119515196033468
24/07/2009,0.00834078838052384,8.61374806969615e-05
27/07/2009,0.00344510114967304,8.74917593706531e-05
28/07/2009,0.00361662126681844,0.000107724036690357
29/07/2009,0.0017648821678807,9.81258215146204e-05
30/07/2009,-0.00123956318432982,9.80355874857569e-05
31/07/2009,0.00160399229782564,9.37801722354352e-05
03/08/2009,0.00546479351696355,8.40986452600951e-05
04/08/2009,0.00709720898897261,5.13213926776948e-05
05/08/2009,-0.00335959689092011,9.87527188423148e-05
06/08/2009,-0.00947730261292917,6.80770473745403e-05
07/08/2009,0.00254638709597197,9.25879267115511e-05
10/08/2009,0.00176582852183814,4.49259736119504e-05
11/08/2009,-0.0101947388852948,6.70663143926465e-05
12/08/2009,0.0120403030173127,0.00011906276962619
13/08/2009,0.00268161320556209,9.85432428732748e-05
14/08/2009,-0.00772236563571333,8.39696610321371e-05
17/08/2009,-0.00369024186915045,4.49477630947668e-05
18/08/2009,0.00696816693681942,4.33380853492052e-05
19/08/2009,0.01772522987504,8.55892423148382e-05
20/08/2009,0.00961497027876836,3.36234764957261e-05
21/08/2009,0.0109687227590736,6.93741375656856e-05
24/08/2009,-0.00450272842956723,6.34084307925742e-05
25/08/2009,-0.00142028899836206,8.83248224044862e-05
26/08/2009,0.00172505682294477,6.77937066732633e-05
27/08/2009,0.00363797892983916,7.21118569119004e-05
28/08/2009,-0.00794841331564488,8.1945255238855e-05
31/08/2009,5.93906038267688e-06,4.59056608464766e-05
01/09/2009,-0.0176854232274375,0.000153761630327577
02/09/2009,0.000368792600840972,9.47235959594837e-05
03/09/2009,0.00282448227774257,3.8983568466896e-05
04/09/2009,0.011723890631817,5.16492348324278e-05
08/09/2009,-0.00244312100001546,3.99753864090374e-05
09/09/2009,0.00692639613789338,5.4611272372967e-05
10/09/2009,0.00891718541214466,5.17976512751902e-05
11/09/2009,-0.00292919123797267,6.66423606196236e-05
14/09/2009,0.0126913920933782,6.25912334796082e-05
15/09/2009,0.00182762862738143,6.33293001861351e-05
16/09/2009,0.0237977169616708,0.000170692201999513
17/09/2009,-0.000717520425617638,7.87647798180517e-05
18/09/2009,-0.00429909519075383,3.75983902822166e-05
21/09/2009,0.00529248635283843,6.03347965437932e-05
22/09/2009,-0.00117819905380538,4.03054574630598e-05
23/09/2009,-0.0102984813397784,9.32576259925081e-05
24/09/2009,-0.0135818237781259,0.000120169081272121
25/09/2009,-0.00316004564043331,8.11650585140817e-05
28/09/2009,0.0143147894464698,5.99261426677453e-05
29/09/2009,-0.00383816319906912,9.42637598420224e-05
30/09/2009,-0.00791290264736782,0.000150482546041672
01/10/2009,-0.0238865813195663,0.000112642981137573
02/10/2009,-0.00276046051056641,0.000155781298180815
05/10/2009,0.0109281579209788,7.70651844355398e-05
06/10/2009,0.007354310056129,7.71345231177885e-05
07/10/2009,0.00614544429253629,6.53655464171183e-05
08/10/2009,0.00104555017009216,6.04473436372815e-05
09/10/2009,0.00491440425789961,2.53333961993843e-05
12/10/2009,-0.00118886665433887,2.07720178605564e-05
13/10/2009,0.000624776420848184,5.31264677947594e-05
14/10/2009,0.00569441359553727,3.86637658455336e-05
15/10/2009,0.00638254390602785,3.09828992452209e-05
16/10/2009,0.00064070220074985,4.84367800700693e-05
19/10/2009,0.00645124277302527,3.48533803068183e-05
20/10/2009,-0.00714442882567019,6.16297709943069e-05
21/10/2009,-0.00758712403687678,0.000101978425007733
22/10/2009,0.0215517993536011,0.000180465483040262
23/10/2009,-0.0156496609195163,0.000102297941704721
26/10/2009,-0.012187856328709,0.000171851404203616
27/10/2009,-0.00516759224947126,0.000170442352831901
28/10/2009,-0.0161996659504213,0.000123108940620589
29/10/2009,0.0149592006877059,5.49562966144522e-05
30/10/2009,-0.0253666054394845,0.00020819502182375
02/11/2009,0.000231428170087485,0.000304701973647625
03/11/2009,0.00975217721248372,0.000147332801905584
04/11/2009,-0.00634373995022345,0.000133656702983384
05/11/2009,0.00920539002508541,0.000150821166852048
06/11/2009,0.00806473924949627,8.53211987089022e-05
09/11/2009,0.0146224979281235,2.99961956208131e-05
10/11/2009,0.00341548167364283,5.0039744928963e-05
11/11/2009,-0.00192392183197169,6.02951398719256e-05
12/11/2009,-0.00803026769518858,7.27875941813821e-05
13/11/2009,0.00377123371633887,5.55443964630398e-05
16/11/2009,0.00724741879228635,5.68137153328425e-05
17/11/2009,0.00366395758050002,4.44922088319973e-05
18/11/2009,-0.000721628425163605,4.45542077300813e-05
19/11/2009,-0.00212521309924443,9.4037662105498e-05
20/11/2009,0.00169433767483068,3.49935741570613e-05
23/11/2009,0.00251381494681767,2.90085841800756e-05
24/11/2009,-0.00125463197819687,4.89605230365431e-05
25/11/2009,0.000496699682046835,2.32600265567175e-05
30/11/2009,0.00285373146761981,6.39378255555006e-05
01/12/2009,0.00251447486302416,3.52326902946786e-05
02/12/2009,0.000830732976326645,4.78436969251882e-05
03/12/2009,-0.00972534214459591,6.86204533810653e-05
04/12/2009,-0.0105441123355538,0.000129770423212753
07/12/2009,-0.000226930456577884,4.70629035640646e-05
08/12/2009,-0.00255272335531542,5.76170900981611e-05
09/12/2009,0.00377213569086464,5.84803463326161e-05
10/12/2009,-0.000193945824248973,2.94284220289653e-05
11/12/2009,0.000592071559967509,2.86700823698202e-05
14/12/2009,-0.00100109921863383,1.61089766263002e-05
15/12/2009,-0.000603899490295753,2.00965152813323e-05
16/12/2009,-0.00321814829970589,3.07988835958701e-05
17/12/2009,-0.00128851086081734,5.35159574904006e-05
18/12/2009,0.000929093525612958,3.10680834329954e-05
21/12/2009,0.00487298038630099,3.34373333538994e-05
22/12/2009,0.00152389713999369,2.30848045166012e-05
23/12/2009,6.02437172834618e-05,1.34117191496834e-05
28/12/2009,-0.00201199933221218,9.99489366347299e-06
29/12/2009,-0.00438583268885574,9.85001879395043e-06
30/12/2009,0.00295376359431179,1.58708020405589e-05
31/12/2009,-0.0107700891341625,2.10760208279968e-05
04/01/2010,0.00781077895956366,2.30024110607437e-05
05/01/2010,0.0032112834742007,2.2640525479851e-05
06/01/2010,0.00107770414844583,1.94791585711159e-05
07/01/2010,0.00617396439680072,2.59552961278185e-05
08/01/2010,0.00663386895977213,2.65547516367244e-05
11/01/2010,-0.0025827663296514,2.40333881621316e-05
12/01/2010,-0.00244309252459257,3.05544355582498e-05
13/01/2010,0.00652446892719224,3.49291555832406e-05
14/01/2010,0.00372148373353513,2.28757024378236e-05
15/01/2010,-0.020836828718968,0.00022254406656789
19/01/2010,0.0131323922776199,2.32250656684537e-05
20/01/2010,-0.00267679170729807,4.46091807030386e-05
21/01/2010,-0.0201333282916617,0.000161015813081505
22/01/2010,-0.0189467575486703,0.000127782145302432
25/01/2010,-0.00304180403454478,7.72773537382999e-05
26/01/2010,-0.00155012579193367,9.14807022626066e-05
27/01/2010,0.00606638470684689,9.94401475497402e-05
28/01/2010,-0.0155155275055039,0.000178287084645057
29/01/2010,-0.015117590965169,0.000161514957338957
01/02/2010,0.00854983723914389,6.21008599714495e-05
02/02/2010,0.00928683007455165,5.13184771786062e-05
03/02/2010,-0.0005830620617706,5.91758836127898e-05
04/02/2010,-0.0225926123295078,0.000118570799459839
05/02/2010,0.0015969528866234,0.000243690451831983
08/02/2010,-0.00818077567162276,8.77041545735833e-05
09/02/2010,0.00184255486915085,0.000168689392223728
10/02/2010,-0.00246969994085547,9.55124858455779e-05
11/02/2010,0.0109639901918075,9.87740273081022e-05
12/02/2010,0.00919684818636189,0.00010288589555228
16/02/2010,0.00812022418192694,3.84884768893512e-05
17/02/2010,0.000476461755888692,5.06441170614106e-05
18/02/2010,0.00800435058968316,3.20791123185933e-05
19/02/2010,0.00510788926869248,4.16148341908419e-05
22/02/2010,-0.00402612250272485,3.74287293559911e-05
23/02/2010,-0.00983528764922229,8.01501852971248e-05
24/02/2010,0.00650771270574394,5.73820079400926e-05
25/02/2010,0.0131937379615975,5.73987596842647e-05
26/02/2010,-0.000694116589651557,5.1577081418284e-05
01/03/2010,0.00613264994126269,2.64543559204066e-05
02/03/2010,-0.0021428595535171,2.75872565498134e-05
03/03/2010,-0.00131256245290378,2.06265112734364e-05
04/03/2010,0.00158890955508783,2.68309192897925e-05
05/03/2010,0.00758761259710004,2.08542284248809e-05
08/03/2010,-0.000174841393779062,1.8954997682746e-05
09/03/2010,0.00429846925055551,2.54447618390049e-05
10/03/2010,0.00414336618101641,3.96448792757083e-05
11/03/2010,0.00643439948110591,2.92572937145699e-05
12/03/2010,-0.00432491668367128,3.48605836696545e-05
15/03/2010,0.00254725755876755,3.02942980966287e-05
16/03/2010,0.000814702054412274,6.45788484065466e-05
17/03/2010,0.00289200893417845,2.42650289009846e-05
18/03/2010,0.000526750587493736,2.37240735674748e-05
19/03/2010,-0.00931711416527331,3.48875500734197e-05
22/03/2010,0.0107297289167198,3.07383247253337e-05
23/03/2010,0.00533481286711247,2.79271406094633e-05
24/03/2010,-0.00111451894601189,3.44790674667177e-05
25/03/2010,-0.00847365836971592,4.78685275763466e-05
26/03/2010,-0.00785258782341238,7.15982348020258e-05
29/03/2010,0.000953062486415398,1.43380237148782e-05
30/03/2010,-0.00109444893047932,2.82407645306971e-05
31/03/2010,0.000978841997670751,3.89004242955648e-05
01/04/2010,0.00043149150952546,2.26238311388861e-05
05/04/2010,0.00496166051644394,2.34021556646931e-05
06/04/2010,0.00524134193187563,1.49334154996977e-05
07/04/2010,-0.00412200877626138,3.27722263774311e-05
08/04/2010,0.00706560073221311,2.19674721245363e-05
09/04/2010,0.00439492792111171,2.4418970855922e-05
12/04/2010,0.000650752583543258,2.28793460151141e-05
13/04/2010,0.00211085793789359,2.1312301926732e-05
14/04/2010,0.0069934872735535,1.60928861520506e-05
15/04/2010,0.00290736017320576,1.58592519324057e-05
16/04/2010,-0.0123358237891174,0.000156463334166393
19/04/2010,0.00684408289546047,5.2574700736464e-05
20/04/2010,0.00296913401323899,1.845465085036e-05
21/04/2010,-0.00189872877566475,3.44234186275815e-05
22/04/2010,0.00968218251135703,5.00936773711185e-05
23/04/2010,0.007203220777687,5.40363604567177e-05
26/04/2010,-0.00422733100451545,3.36239170407697e-05
27/04/2010,-0.0177169009237453,0.000130343095042023
28/04/2010,0.00245526110478624,8.82530540625324e-05
29/04/2010,0.00639963552721244,3.26179487251415e-05
30/04/2010,-0.0173690591180158,9.10070440103184e-05
03/05/2010,0.00866965329155165,4.00608550833539e-05
04/05/2010,-0.0132768717577708,0.000127079906388764
05/05/2010,0.00294740387464758,0.000153283553092523
06/05/2010,-0.0356173733644404,0.00238383230515501
07/05/2010,-0.0118211502188441,0.000774151710376095
10/05/2010,0.00218530938561907,0.000215511541420752
11/05/2010,0.00631945307193696,0.000124246187069286
12/05/2010,0.0101139157753397,7.82514708512191e-05
13/05/2010,-0.00907605562800253,8.22827238172065e-05
14/05/2010,-0.0110526805760517,0.000194750776677873
17/05/2010,-0.00180240396833747,0.00023017026201518
18/05/2010,-0.0218298362178577,0.000218119549775672
19/05/2010,-0.000162091494814762,0.000333585276201609
20/05/2010,-0.017132873948732,0.000437680435258838
21/05/2010,0.0298223175576252,0.000408710639146929
24/05/2010,-0.00782124043163337,0.000149947699346124
25/05/2010,0.0255300282525504,0.000302245030439475
26/05/2010,-0.0129748309915238,0.000208934721088269
27/05/2010,0.0154127651216558,0.000113107735141963
28/05/2010,-0.0126161332765155,0.000226427099972759
01/06/2010,-0.00806237258932623,0.000164264060365584
02/06/2010,0.0202921138449352,9.52758327766496e-05
03/06/2010,9.77916277730942e-05,0.000119540447995758
04/06/2010,-0.0151694978895358,0.00016766777219529
07/06/2010,-0.0157722169651423,0.000148848026240564
08/06/2010,0.0113271414820748,0.000292066076711119
09/06/2010,-0.0122033475661347,0.000135110434051214
10/06/2010,0.0127390050462695,0.000131391371885758
11/06/2010,0.0131390425180393,8.75988692623148e-05
14/06/2010,-0.00987814126780374,9.20481470992148e-05
15/06/2010,0.0156220279061528,4.91965915781885e-05
16/06/2010,0.00428152293070676,7.22581379734636e-05
17/06/2010,-0.00127096657071494,7.73995235773051e-05
18/06/2010,-0.00236947594174917,4.05038053726649e-05
21/06/2010,-0.0155130332277096,7.55139180091675e-05
22/06/2010,-0.0164564619590875,0.000103942084475679
23/06/2010,-0.00366770189455144,0.000143921778041406
24/06/2010,-0.0115258324470312,0.000126084004697816
25/06/2010,0.00139951254123829,0.000136687411414485
28/06/2010,-0.00656481826340829,8.07261690249388e-05
29/06/2010,-0.0172329330638277,0.000230330055264206
30/06/2010,-0.00769687318640213,0.000115976455171749
01/07/2010,-0.00266832981815426,0.000298404962242441
02/07/2010,-0.00850676463574764,0.000186490025514222
06/07/2010,-0.00759026881810512,0.000173319600597621
07/07/2010,0.0287022956805128,0.000105784398778213
08/07/2010,0.000795845593220086,9.46621213929181e-05
09/07/2010,0.00723943561426622,5.26490939414895e-05
12/07/2010,0.00405873001561124,7.4586463076873e-05
13/07/2010,0.00453078414762246,6.35209226405348e-05
14/07/2010,0.00305885642281343,7.0564035340741e-05
15/07/2010,-0.000184358021738375,0.000122503632469513
16/07/2010,-0.0228442863721285,9.94188863851399e-05
19/07/2010,0.0019236387323614,7.37885225162116e-05
20/07/2010,0.02428105644134,0.000116596029857327
21/07/2010,-0.0179463335624881,0.000123631632019211
22/07/2010,0.0104208059269323,9.30264664270093e-05
23/07/2010,0.0127052799330761,0.00011477940914048
26/07/2010,0.00841053725978368,5.02777750081157e-05
27/07/2010,-0.00643653572233101,7.06108220809375e-05
28/07/2010,-0.00522900506036147,6.21704478569767e-05
29/07/2010,-0.0107411028891226,9.35638083944132e-05
30/07/2010,0.00960465847509642,0.00011917454016435
02/08/2010,0.00628399861916008,4.90731790450979e-05
03/08/2010,-0.00206304558989723,4.19011781735171e-05
04/08/2010,0.00336075741517487,4.9547860134171e-05
05/08/2010,0.00572760826588214,3.12722079681348e-05
06/08/2010,0.00608738898923597,7.79805109285223e-05
09/08/2010,0.000481300084634638,2.74307779220873e-05
10/08/2010,0.00301030279845101,6.73878895742072e-05
11/08/2010,-0.0123711177888954,8.2350173991951e-05
12/08/2010,0.00924614600996798,9.81578742838557e-05
13/08/2010,0.000489846274703428,6.61377747002861e-05
16/08/2010,0.00636856414513518,5.02873875480231e-05
17/08/2010,0.00439420273086248,4.4975245490951e-05
18/08/2010,0.00214599986038043,5.99259950274794e-05
19/08/2010,-0.0121773936705755,0.000157062524279328
20/08/2010,-0.000245399705172647,6.06029309315666e-05
23/08/2010,-0.00849615040601645,6.13229762599922e-05
24/08/2010,-0.00316685058924538,8.49054359983706e-05
25/08/2010,0.00983158214770378,9.17414470737882e-05
26/08/2010,-0.0108967973271479,0.000100659588652295
27/08/2010,0.00935506931582951,0.000126256148933143
30/08/2010,-0.0109265069997625,5.38563288742963e-05
31/08/2010,0.00416428870037197,0.000171965259763953
01/09/2010,0.0159115903173338,9.58744692550084e-05
02/09/2010,0.00665849647768957,2.99935110085579e-05
03/09/2010,0.00330181202131382,4.59876043057632e-05
07/09/2010,-0.00626824811698011,4.95582969662409e-05
08/09/2010,0.0050537225780219,5.06326292589485e-05
09/09/2010,-0.00639846338369988,4.91555202234946e-05
10/09/2010,0.00376694797547311,2.20019297855716e-05
13/09/2010,0.00193590179803704,3.30144030992163e-05
14/09/2010,0.000969632863669339,5.02808234677812e-05
15/09/2010,0.00613181535009816,3.8830263968167e-05
16/09/2010,0.00275229661129504,2.60686672259023e-05
17/09/2010,-0.00472038180823497,4.33980478160244e-05
20/09/2010,0.0115756258185553,3.34557119670776e-05
21/09/2010,-0.00328453644541993,6.6081291104907e-05
22/09/2010,-0.00290677981357559,6.17129713330004e-05
23/09/2010,-6.64019081370942e-05,4.98265471867851e-05
24/09/2010,0.00927802334211711,3.10108577653463e-05
27/09/2010,-0.00494866942921312,3.16003684435037e-05
28/09/2010,0.00256600025981015,6.53183161266923e-05
29/09/2010,0.00371880323217824,6.89270184736725e-05
30/09/2010,-0.00814999102612066,0.000105509896064043
01/10/2010,-0.00250684465719257,6.46832397448381e-05
04/10/2010,-0.00554158140168899,4.83494920573203e-05
05/10/2010,0.0110194996082815,3.99648723113187e-05
06/10/2010,-0.000897174221929993,3.73441457030379e-05
07/10/2010,-0.00490525455781969,4.9049922402606e-05
08/10/2010,0.00424321215088421,4.00355975587845e-05
11/10/2010,0.000217539184396947,2.25175953762875e-05
12/10/2010,0.00625343517426484,5.29543536385359e-05
13/10/2010,0.00114139888590217,3.81617707391566e-05
14/10/2010,-0.00230479467076025,5.50282730037644e-05
15/10/2010,-0.00407563946387369,5.79880414734319e-05
18/10/2010,0.00710199044424451,2.88968176283609e-05
19/10/2010,-0.00274492047476786,0.00010815945348703
20/10/2010,0.00820904150518988,7.01693517554004e-05
21/10/2010,-0.00246587358370756,8.46841685615757e-05
22/10/2010,-0.000319627290827826,2.36862718559642e-05
25/10/2010,-0.00388817404480053,3.41878735505722e-05
26/10/2010,0.00436362293053617,3.79459335832254e-05
27/10/2010,0.00375948037159854,4.15000335658005e-05
28/10/2010,-0.00454308319021752,4.30489613907476e-05
29/10/2010,0.00189882646836998,2.89807899742403e-05
01/11/2010,-0.00404129217399261,5.23340994291428e-05
02/11/2010,0.000229620841843791,1.69260941827582e-05
03/11/2010,0.00238649703607979,8.15213742703696e-05
04/11/2010,0.00826774750062095,2.75454839668077e-05
05/11/2010,0.00284649198049491,3.51190294286319e-05
08/11/2010,0.00240818259139412,2.33688904430468e-05
09/11/2010,-0.0106181865004003,4.86624070145763e-05
10/11/2010,0.00330361484974809,4.93604179183018e-05
11/11/2010,0.00564659580842239,5.13328147620017e-05
12/11/2010,-0.00500856321151785,7.18711441248387e-05
15/11/2010,-0.00460082969266787,3.81029013138647e-05
16/11/2010,-0.00987375847583886,9.35745006117298e-05
17/11/2010,0.000247641718085341,4.19323629705159e-05
18/11/2010,0.00342873874617484,3.02895143739124e-05
19/11/2010,0.00404472873066868,2.87293240918844e-05
22/11/2010,0.00370880574937318,5.78639511032893e-05
23/11/2010,-0.0035179618915017,5.65240026947697e-05
24/11/2010,0.00829892540949401,3.10339376277034e-05
29/11/2010,0.00484004855028515,8.07878614586888e-05
30/11/2010,0.00406452018669772,6.20484377027959e-05
01/12/2010,0.00680801710181507,3.37430098051531e-05
02/12/2010,0.012001633328677,2.33362632673068e-05
03/12/2010,0.00652505117173515,2.9124480419284e-05
06/12/2010,0.00109460858533582,1.87017476833933e-05
07/12/2010,-0.00871733886488247,4.85592147889245e-05
08/12/2010,0.00203091324839148,3.17447813334134e-05
09/12/2010,0.00234337858645979,3.52590136356144e-05
10/12/2010,0.00263796403181194,1.52368438869033e-05
13/12/2010,-0.00329621425287322,2.25018115578409e-05
14/12/2010,-0.00116250646490693,1.80000004257293e-05
15/12/2010,-0.00345990216468539,2.35892530556031e-05
16/12/2010,0.0039749027515266,3.5005761285417e-05
17/12/2010,0.00259181860651244,1.3054625827567e-05
20/12/2010,-0.000613440395929075,1.31742429364131e-05
21/12/2010,0.00285048903400945,5.36117041280701e-06
22/12/2010,0.00282283894038443,6.12764458448875e-06
23/12/2010,-0.000176655673394147,8.50225529810473e-06
27/12/2010,0.00393866950524779,6.60308692784765e-06
28/12/2010,-0.00105507559978782,6.19071264555395e-06
29/12/2010,-0.000379083196997188,4.24811822379072e-06
30/12/2010,-0.000301363449012113,1.03544964115809e-05
31/12/2010,0.00178083422804604,1.34980694719517e-05
03/01/2011,0.00223672086901592,1.46788274381404e-05
04/01/2011,-0.00302948407051191,1.99487768323277e-05
05/01/2011,0.00874309336395927,1.9547871890865e-05
06/01/2011,-0.00225835548542179,2.66544466732945e-05
07/01/2011,-0.0046640964555547,4.67160621082951e-05
10/01/2011,0.00321055951645351,2.94707302276573e-05
11/01/2011,-0.000179704632288594,2.29337937043313e-05
12/01/2011,0.00281566173037865,1.12347706362183e-05
13/01/2011,-0.00167102293459838,1.90201348408718e-05
14/01/2011,0.00793632124858926,1.7374988051152e-05
18/01/2011,0.00340609456854451,1.70869888250984e-05
19/01/2011,-0.00876121547898075,2.61597196391713e-05
20/01/2011,0.00152670792962799,4.98962380086853e-05
21/01/2011,-0.00370294829483825,2.64777970379994e-05
24/01/2011,0.00605950354412368,1.67296602418096e-05
25/01/2011,0.00306398315520119,3.94470374894964e-05
26/01/2011,0.00156735424377641,3.30612100192026e-05
27/01/2011,0.00256713974674814,2.11516545067464e-05
28/01/2011,-0.020349544334694,6.32474754663051e-05
31/01/2011,0.00524265265051357,2.84266973838246e-05
01/02/2011,0.00882291256725446,2.23147281423183e-05
02/02/2011,0.000388744419904292,2.18117364229942e-05
03/02/2011,0.00424103469598294,3.69288784920889e-05
04/02/2011,0.00167886837110723,3.40810836966766e-05
07/02/2011,0.00375712803690781,1.5845412588571e-05
08/02/2011,0.00296288382779663,1.46883043567701e-05
09/02/2011,0.000426473604348345,2.84394920867779e-05
10/02/2011,0.00512769953861215,5.16770706824045e-05
11/02/2011,0.0100180337797742,2.44848885272267e-05
14/02/2011,0.00282395969963922,1.44283073581022e-05
15/02/2011,-0.000280243046421202,1.97573249866419e-05
16/02/2011,0.00351512123675191,3.35019004696089e-05
17/02/2011,0.00668587250463503,1.48548856557413e-05
18/02/2011,0.00112912063641796,1.47621097827034e-05
22/02/2011,-0.00898242043770233,5.91871374681913e-05
23/02/2011,-0.00601679333073235,9.63278862084751e-05
24/02/2011,0.00145335269933831,8.80504018009985e-05
25/02/2011,0.00670343716522559,2.81922767437905e-05
28/02/2011,0.00314739616805898,2.22750662186795e-05
01/03/2011,-0.0200618427064436,6.71224275869746e-05
02/03/2011,0.00308002930125258,5.03059486087501e-05
03/03/2011,0.0084109029987578,2.64773584327697e-05
04/03/2011,-0.00711018251993459,6.02065437886066e-05
07/03/2011,-0.0101052469960408,7.08916644411912e-05
08/03/2011,0.00639193861494157,4.66632060765414e-05
09/03/2011,0.00039981605049798,6.0814085018186e-05
10/03/2011,-0.00598201023777783,9.69875266683879e-05
11/03/2011,0.00953371426687937,6.52347676578749e-05
14/03/2011,-0.000567615932014395,8.37695563614068e-05
15/03/2011,0.015621018784491,0.000142411140480645
16/03/2011,-0.0149197316051454,0.00019843732368029
17/03/2011,-0.00117363874465953,8.7317224224886e-05
18/03/2011,-0.00886969428441361,6.11633078693532e-05
21/03/2011,0.00271428197734271,2.29093325964766e-05
22/03/2011,-0.00376289672011448,2.86100057342969e-05
23/03/2011,0.0056901154193285,3.5236394352535e-05
24/03/2011,0.00301781546741324,3.29935897205358e-05
25/03/2011,0.000196052471760001,2.13263395134442e-05
28/03/2011,-0.00505211923025743,1.45439440234691e-05
29/03/2011,0.00755457923878609,2.25465145418592e-05
30/03/2011,0.0021463898128653,2.19307314033203e-05
31/03/2011,0.000199028747594071,1.86141450464987e-05
01/04/2011,-0.00153235334959228,2.09046663135155e-05
04/04/2011,-0.000644432264242238,2.00845070725904e-05
05/04/2011,0.000895705304798842,1.77348473451557e-05
06/04/2011,-0.00220644899555603,2.18249713160274e-05
07/04/2011,-0.00108829014469312,5.75247685654639e-05
08/04/2011,-0.00798002000461509,2.71873931175659e-05
11/04/2011,-0.00421893721633541,2.98546514433043e-05
12/04/2011,-0.000660120883745518,3.68556289104514e-05
13/04/2011,-0.00595012296753914,3.67782763163969e-05
14/04/2011,0.00644338735158803,3.34130585112956e-05
15/04/2011,0.0014856078544294,2.50094171919679e-05
18/04/2011,-0.000603605687104073,5.53165123849737e-05
19/04/2011,0.00419099483855515,2.35064620931164e-05
20/04/2011,0.00162485799482702,1.36083370276556e-05
21/04/2011,0.000680206908737489,1.33591997841211e-05
25/04/2011,-0.000915131273243529,1.18746891389912e-05
26/04/2011,0.00519526606791844,1.59761394856319e-05
27/04/2011,0.00346313146733904,2.83433035075076e-05
28/04/2011,0.00473778821193856,1.63164425107742e-05
29/04/2011,0.00198937647318025,8.43797651780506e-06
02/05/2011,-0.00548644260606661,2.68286143817167e-05
03/05/2011,-0.000327892504374242,3.06117153147236e-05
04/05/2011,-0.00682638857761039,6.10254598215079e-05
05/05/2011,-0.00394531752616887,8.28531204368297e-05
06/05/2011,-0.00622334443381892,8.90876161637246e-05
09/05/2011,0.00398051702983282,3.1897715450991e-05
10/05/2011,0.00562587558958222,1.74990337140691e-05
11/05/2011,-0.00732450574069676,4.43737641719374e-05
12/05/2011,0.00760573548512316,5.53897335117077e-05
13/05/2011,-0.0080715061328051,5.044219462806e-05
16/05/2011,-0.00259231282483527,4.35347696094856e-05
17/05/2011,0.00348619859341127,6.96822864693874e-05
18/05/2011,0.0086841847773343,3.37501149309072e-05
19/05/2011,-0.00106959410646033,3.84195817920769e-05
20/05/2011,-0.00519587853925825,3.85433672702474e-05
23/05/2011,0.000971803517506272,4.02356184203115e-05
24/05/2011,-0.0038500769342461,4.67064069019451e-05
25/05/2011,0.00760672929680863,3.32523959481052e-05
26/05/2011,0.00775481789061668,4.1344478321618e-05
27/05/2011,0.000360443875851799,2.69802092384262e-05
31/05/2011,0.00108844442441933,2.11214660431121e-05
01/06/2011,-0.0196552662108371,5.49087909711042e-05
02/06/2011,-0.0015671614866,6.82558944365194e-05
03/06/2011,0.00210992202083475,4.83023009440997e-05
06/06/2011,-0.00767247119426925,4.44862715487716e-05
07/06/2011,-0.00609046888923048,3.72949782270477e-05
08/06/2011,-0.00244564696537323,5.64930848171969e-05
09/06/2011,0.00381749864003614,2.70670297962568e-05
10/06/2011,-0.0110234311723368,6.94834109447897e-05
13/06/2011,-0.000553741058756376,4.80967098313274e-05
14/06/2011,0.00329790078538806,1.99865474127873e-05
15/06/2011,-0.00908525056774054,6.38296928431039e-05
16/06/2011,0.00195496232707679,8.34362562701883e-05
17/06/2011,-0.00690949379439961,6.94711049791896e-05
20/06/2011,0.00943407548702571,4.04778244543557e-05
21/06/2011,0.00873667579477198,2.4746904356975e-05
22/06/2011,-0.00248367552071128,3.47066332647915e-05
23/06/2011,0.0114585855916503,0.000211294830623655
24/06/2011,-0.0117217506579847,5.39114320951065e-05
27/06/2011,0.00760648433852761,4.53397989960036e-05
28/06/2011,0.00864781447061911,2.43173405395157e-05
29/06/2011,0.0037476055127093,3.39427184953621e-05
30/06/2011,0.00584025915894623,3.2501525385024e-05
01/07/2011,0.0141793677336084,4.88330567002701e-05
05/07/2011,-0.000354119718488088,3.69126730797608e-05
06/07/2011,0.00332074696393649,2.99215364472873e-05
07/07/2011,0.00179137905021196,1.26865327323715e-05
08/07/2011,0.00457896615563058,4.87637030589003e-05
11/07/2011,-0.00559083626219129,5.25070614411862e-05
12/07/2011,-0.00397042709377566,8.60035047821297e-05
13/07/2011,-0.00142622300582389,5.75930109651985e-05
14/07/2011,-0.00930326674513068,9.26944300416799e-05
15/07/2011,0.00103744808664866,6.4145046498233e-05
18/07/2011,-0.00414038343791436,5.61858525282663e-05
19/07/2011,0.0101617851989621,4.86247339448718e-05
20/07/2011,-0.0030517669868326,2.69547980668686e-05
21/07/2011,0.00848405235671537,6.95327776623513e-05
22/07/2011,0.000833528359668453,2.21820614298615e-05
25/07/2011,0.0029939925156323,2.54733355925596e-05
26/07/2011,-0.00415152048473011,2.69443775222266e-05
27/07/2011,-0.0154879951935341,6.88770337460763e-05
28/07/2011,-0.00336336164726464,4.66859009555649e-05
29/07/2011,0.00287874944248419,0.000122049861962735
01/08/2011,-0.0160898103259277,0.000230173103614295
02/08/2011,-0.0183198654435533,8.76387677661104e-05
03/08/2011,0.00352258904864962,0.000214105031220887
04/08/2011,-0.0357934853102514,0.000260713227706926
05/08/2011,-0.0146139489251611,0.000927280004759489
08/08/2011,-0.0403769009422591,0.000823175920559859
09/08/2011,0.0281642351907843,0.00143257304686425
10/08/2011,-0.0262477928233157,0.000937281606986616
11/08/2011,0.0344976647621605,0.000542175582899022
12/08/2011,-0.00393073237678503,0.000252661283747937
15/08/2011,0.0125327820605476,8.03896800297092e-05
16/08/2011,0.000619695321693145,0.000198459813114686
17/08/2011,-0.00447401325557558,0.000108192857172266
18/08/2011,-0.0162326310660719,0.000387329757452188
19/08/2011,-0.00139002913452923,0.000394730841119385
22/08/2011,-0.0206740889087907,0.000212479943242069
23/08/2011,0.0274870980415826,0.000250926835291437
24/08/2011,0.016772270656909,0.000204985996205351
25/08/2011,-0.0192641336282019,0.000290437727371422
26/08/2011,0.0178259053191097,0.000334790387230387
29/08/2011,0.0153850104607742,6.23200193469773e-05
30/08/2011,0.00781998026460035,0.000201501549752905
31/08/2011,0.000434862718419502,0.000152736345021349
01/09/2011,-0.0115296583923805,0.000207140647413186
02/09/2011,-0.00401716310730735,0.000117498142159384
06/09/2011,0.0214448962875679,0.000153973009460596
07/09/2011,0.0129273253362161,6.73981896779389e-05
08/09/2011,-0.00372729768672123,0.000172524184972682
09/09/2011,-0.0147879155330828,0.000250561499209169
12/09/2011,0.0182624394599298,0.000239991581173604
13/09/2011,0.00767905127320307,0.00017570384522655
14/09/2011,0.00834830827505586,0.000226077941456433
15/09/2011,0.00601039046800485,0.000105195389202251
16/09/2011,0.00182665902632222,9.81535716377523e-05
19/09/2011,0.00678026110010035,0.000113059340678984
20/09/2011,-0.00495338387699919,0.000105917330751828
21/09/2011,-0.0309681970554653,0.000229075765807056
22/09/2011,-0.0027675810500163,0.000473553168188929
23/09/2011,0.0103076064946629,0.000317887954656192
26/09/2011,0.0140803030474235,0.000285468877007148
27/09/2011,-0.00800057988575366,0.000166110132856396
28/09/2011,-0.02226581546136,0.000230229690042
29/09/2011,-0.00875280266239843,0.000313907288078505
30/09/2011,-0.0123330288319369,0.000288973681080904
03/10/2011,-0.0225199390701256,0.000406232367588517
04/10/2011,0.0365341625984897,0.0006228456313996
05/10/2011,0.0152100953164644,0.000302351271152681
06/10/2011,0.0188524919349694,0.000187809291661059
07/10/2011,-0.0135138526508953,0.000232998330933512
10/10/2011,0.0157194342594771,8.10766754288262e-05
11/10/2011,0.00663797155858804,0.000100348199833792
12/10/2011,0.00072200898334714,0.000122784999888153
13/10/2011,0.0037580889761077,0.000134361735215071
14/10/2011,0.00506523613870464,9.44337767192931e-05
17/10/2011,-0.0148172400808957,0.000107157267616281
18/10/2011,0.0189043684804313,0.000234513594062222
19/10/2011,-0.0103189601827886,0.000142937887105006
20/10/2011,0.00160964309367746,0.000200585028369601
21/10/2011,0.0074783021153623,8.54782577638417e-05
24/10/2011,0.0109705990370302,5.85229757661479e-05
25/10/2011,-0.0149341406302185,0.000150861033950852
26/10/2011,-5.7883218391298e-05,0.000188386151020877
27/10/2011,0.0077313870221263,0.000111514049403363
28/10/2011,0.00361505994211515,6.6882815081529e-05
31/10/2011,-0.0139343972186773,0.000105415573363272
01/11/2011,-0.000331267656434773,0.000286010923787482
02/11/2011,0.000650117634811736,0.00012259040164158
03/11/2011,0.00702708647186255,0.000157351947229354
04/11/2011,-0.0104521239986807,0.00021493795575414
07/11/2011,0.00699839736872974,0.000103948618048004
08/11/2011,0.00779673901443501,0.000111917089843008
09/11/2011,-0.0139220492418148,0.000147909129776019
10/11/2011,-0.00424882534590912,0.00017229410768837
11/11/2011,0.00705478229644192,3.75018458684454e-05
14/11/2011,-0.00537199223127097,6.55812731957304e-05
15/11/2011,0.00762709925475174,0.000100750706530951
16/11/2011,-0.0058103663972657,0.000116277497980016
17/11/2011,-0.0136295529595567,0.00019678425960036
18/11/2011,-0.00472272358102272,8.90878487019834e-05
21/11/2011,-0.00459227162930946,0.000113098015612894
22/11/2011,-0.00105731563712116,0.000120846238143293
23/11/2011,-0.0132539259357989,0.000153327908172186
28/11/2011,0.00309096498824727,7.44715978471652e-05
29/11/2011,-0.000898069713730643,8.98685126620309e-05
30/11/2011,0.0129830861729829,6.56016942950809e-05
01/12/2011,0.00110711105602647,6.68519583151898e-05
02/12/2011,-0.00965004943967392,6.51730730397839e-05
05/12/2011,-0.00507019521596506,7.09348831698183e-05
06/12/2011,0.00220370408417736,5.19421586293283e-05
07/12/2011,0.00664570820016537,8.06227427791456e-05
08/12/2011,-0.0159010032521082,0.000132098207096897
09/12/2011,0.0113444904934296,7.27946223309434e-05
12/12/2011,-0.00566941833604992,7.3549660349178e-05
13/12/2011,-0.0157556943081394,0.000191045467322554
14/12/2011,-0.0066660065931947,0.000141935311168356
15/12/2011,-0.0064405705667609,6.06433145454411e-05
16/12/2011,-0.00479777232818408,5.72383140211787e-05
19/12/2011,-0.0145352367511691,8.4051149241882e-05
20/12/2011,0.0142680642218186,5.2198918948605e-05
21/12/2011,0.00238682191445028,7.25850295363225e-05
22/12/2011,0.00516605135376721,2.98031659130695e-05
23/12/2011,0.00538814871079693,1.63273274465152e-05
27/12/2011,0.00119698198979976,1.83950178970398e-05
28/12/2011,-0.0125144211271332,4.29961734587752e-05
29/12/2011,0.00620495820302163,2.34018372487317e-05
30/12/2011,-0.00185137361427941,1.81441787096189e-05
03/01/2012,-0.000750355988893089,4.14395185139647e-05
04/01/2012,0.0032243739424413,2.94558350619144e-05
05/01/2012,0.0080543177496626,4.78883301821967e-05
06/01/2012,-0.00338249686516707,3.96002631410674e-05
09/01/2012,-0.00128359440691459,2.37095637812321e-05
10/01/2012,-0.00232748188338886,2.68566483945146e-05
11/01/2012,0.0037294824685805,2.57510427738438e-05
12/01/2012,-0.000526427194362292,3.3988436902064e-05
13/01/2012,0.00209876134791562,3.96492364560767e-05
17/01/2012,-0.00575390325072095,2.62470822284368e-05
18/01/2012,0.0113121473363334,3.53545596018411e-05
19/01/2012,0.00222506391837508,2.30460245287008e-05
20/01/2012,0.00337986122969073,1.51951929182455e-05
23/01/2012,0.00067493440196259,3.34260291421967e-05
24/01/2012,0.00595484177453688,1.76520873618627e-05
25/01/2012,0.00955114320361286,5.28916915268493e-05
26/01/2012,-0.0089752243312396,4.55993789169594e-05
27/01/2012,0.00334785470356476,3.42764561165016e-05
30/01/2012,0.00616062976842808,3.02222101711127e-05
31/01/2012,-0.00581434544065797,6.36540908513762e-05
01/02/2012,0.00105026770346187,2.47060213101419e-05
02/02/2012,-0.00141096455773911,1.91932986000864e-05
03/02/2012,0.00437713454792633,1.19782420270226e-05
06/02/2012,0.00454097750980816,1.79008448930158e-05
07/02/2012,0.00443083580718702,2.30277248855278e-05
08/02/2012,0.00176213697524561,2.48151192960149e-05
09/02/2012,0.000101174660766303,2.79483599746294e-05
10/02/2012,0.00122968462470586,2.32841508983394e-05
13/02/2012,-0.000116638718347901,1.22077307227778e-05
14/02/2012,0.00196503577041167,3.01342347275271e-05
15/02/2012,-0.00769528802051133,4.6659626458969e-05
16/02/2012,0.0104395029844007,2.94129853111017e-05
17/02/2012,-0.000915726126796656,1.10278056439927e-05
21/02/2012,-0.00196957615938449,2.24852878975287e-05
22/02/2012,-0.00189161786956732,2.48234609130573e-05
23/02/2012,0.00495829321342672,2.15493621540614e-05
24/02/2012,-0.000126665839256067,1.36507980976204e-05
27/02/2012,0.00754629744493591,2.45341472909957e-05
28/02/2012,0.00192878111189893,2.63404975716607e-05
29/02/2012,-0.00556202724952106,4.33328671618526e-05
01/03/2012,0.00291398728714162,4.45594704317428e-05
02/03/2012,-0.00234221319897872,2.60715983283862e-05
05/03/2012,-0.00242687472248164,2.72289477263765e-05
06/03/2012,-0.00455977545815964,2.32961321874299e-05
07/03/2012,0.005299907451211,2.13677200154353e-05
08/03/2012,0.00294407247389887,1.5007271220504e-05
09/03/2012,0.00153088425581736,2.01572479336784e-05
12/03/2012,0.000607426777445384,2.11461150964799e-05
13/03/2012,0.0124130940303561,2.97086397711012e-05
14/03/2012,-0.000607282610094782,2.18925365358314e-05
15/03/2012,0.00461056375963886,2.3365187191366e-05
16/03/2012,-0.000642958644352209,1.3659960137812e-05
19/03/2012,0.00405466531675541,1.67162208790319e-05
20/03/2012,0.00289890759402393,2.01323966908648e-05
21/03/2012,-0.00363044508697515,2.15414747407565e-05
22/03/2012,-0.000399221992605303,2.24711110257008e-05
23/03/2012,0.00318678240670117,1.98392561539368e-05
26/03/2012,0.00611260772574531,1.28155106649375e-05
27/03/2012,-0.00444449845042704,1.23113906065265e-05
28/03/2012,-0.00446842906520087,4.07857760458744e-05
29/03/2012,0.00415356023368061,4.02646720148175e-05
30/03/2012,-0.00199873015070141,2.43966290838871e-05
02/04/2012,0.00842579073598086,2.09935853118072e-05
03/04/2012,-0.00254144254435068,5.42149762768512e-05
04/04/2012,-0.00243721579668265,3.33013963336335e-05
05/04/2012,0.00281400502019971,2.44791522213279e-05
09/04/2012,0.0015004351425272,2.03374227644771e-05
10/04/2012,-0.0151922619342147,7.04488207306567e-05
11/04/2012,-0.00211244034583011,2.61393607794057e-05
12/04/2012,0.0121683577497203,2.16171435325211e-05
13/04/2012,-0.00978259461487349,3.90855022930931e-05
16/04/2012,-0.00542795151429437,5.76689350299518e-05
17/04/2012,0.00871486382277731,2.02950491947228e-05
18/04/2012,0.000550635207534469,2.36631733216e-05
19/04/2012,-0.00603668768581572,8.41825859236902e-05
20/04/2012,-0.00325942417968218,2.49344729646168e-05
23/04/2012,0.000977334635483506,3.15720357265713e-05
24/04/2012,0.00357239299004721,3.17354472268926e-05
25/04/2012,0.00484832599776892,2.73694273227455e-05
26/04/2012,0.00876351675679568,2.12198665811177e-05
27/04/2012,-0.000378435773761907,1.90170807423431e-05
30/04/2012,-0.00281952065275589,1.64084058920413e-05
01/05/2012,0.00692302453056521,4.91507843412583e-05
02/05/2012,0.00277582892741589,2.21998822205522e-05
03/05/2012,-0.00675830605023274,4.15978565522099e-05
04/05/2012,-0.0108518960374964,4.25476352370392e-05
07/05/2012,0.00422318931440299,4.39575515820138e-05
08/05/2012,0.00136092937190457,7.51311711392137e-05
09/05/2012,0.00436445195223573,9.49199942701165e-05
10/05/2012,-0.00392854196042634,4.65213344190747e-05
11/05/2012,0.00344582677170037,4.26674581148446e-05
14/05/2012,-0.00169745805203575,4.41197638543608e-05
15/05/2012,-0.00502809066835432,6.37346775702243e-05
16/05/2012,-0.00778539492204759,5.93137961742664e-05
17/05/2012,-0.015623906363492,9.15219994684226e-05
18/05/2012,-0.0120010574889351,8.1164076681703e-05
21/05/2012,0.013728447763231,5.26665388674839e-05
22/05/2012,-0.00226958199830135,8.70586777640928e-05
23/05/2012,0.00802880021334913,9.13492028303882e-05
24/05/2012,-0.000844848591307897,8.29244959352194e-05
25/05/2012,-0.0101824705355173,8.97905880393483e-05
29/05/2012,0.00421560355308031,4.26735674216487e-05
30/05/2012,-0.00609814001786523,5.33855492458611e-05
31/05/2012,-0.000766759215108641,8.92992730383259e-05
01/06/2012,-0.00904691160724915,8.79002309821783e-05
04/06/2012,-0.00131097673815931,7.05568564356351e-05
05/06/2012,0.00902924795613369,5.85598827484379e-05
06/06/2012,0.0151922960912216,3.64699451680816e-05
07/06/2012,-0.0108329261125828,5.98225712055311e-05
08/06/2012,0.0100488707175811,3.52509145287557e-05
11/06/2012,-0.020547838347723,7.57094751081073e-05
12/06/2012,0.00849335062423202,7.41348075648435e-05
13/06/2012,-0.0027450391249079,6.68753664317533e-05
14/06/2012,0.00860662563418578,8.64770908785302e-05
15/06/2012,0.00593892787150677,2.18277538663565e-05
18/06/2012,0.00652466326905118,4.70030223430227e-05
19/06/2012,0.00469287665290173,2.70421866589077e-05
20/06/2012,-0.00217455268698516,7.76762211479812e-05
21/06/2012,-0.0226139783388105,6.44242138033807e-05
22/06/2012,0.00229548862170514,3.1230162201751e-05
25/06/2012,-0.00484122191615165,3.99618476327349e-05
26/06/2012,0.00201726650626871,4.59435391141562e-05
27/06/2012,0.0055456537845576,2.6608858183211e-05
28/06/2012,0.00411491421990547,7.28470685078202e-05
29/06/2012,0.00759759009002897,2.44499400968201e-05
02/07/2012,-0.000734182028507548,4.8940445328143e-05
05/07/2012,-0.00113609568669491,2.47251265066874e-05
06/07/2012,0.00100362263817647,3.27059054587233e-05
09/07/2012,-0.000595059631428463,2.32181760791061e-05
10/07/2012,-0.0137670343715655,4.70916568741596e-05
11/07/2012,-0.000684853921971951,5.97258913367567e-05
12/07/2012,0.00151840362500575,4.72191387250143e-05
13/07/2012,0.0132371191400227,3.84712020889162e-05
16/07/2012,0.000535147110199998,2.47993657606258e-05
17/07/2012,0.003552530225034,6.47549427800151e-05
18/07/2012,0.00925211618669254,2.64869505987426e-05
19/07/2012,-0.000658407555780094,3.05021106619192e-05
20/07/2012,0.00693654021884168,0.000130637999328584
23/07/2012,0.00179766203022115,4.41383037741677e-05
24/07/2012,-0.00909803647535531,8.45390894865798e-05
25/07/2012,-0.00195990084049376,5.8209484428216e-05
26/07/2012,0.00260870947793977,3.89509655773811e-05
27/07/2012,0.0128251786708575,5.85823647252707e-05
30/07/2012,0.000621370528205902,3.94153720506321e-05
31/07/2012,-0.00355984460663182,4.07775619765872e-05
01/08/2012,-0.00760692507928423,6.29508025115215e-05
02/08/2012,-0.000491713903550493,7.31262277750135e-05
03/08/2012,0.00556513632784885,2.38297000246466e-05
06/08/2012,-0.000620658443490387,1.42739935522481e-05
07/08/2012,0.000427543726076754,1.1560072326459e-05
08/08/2012,0.00425812990124675,1.58269218206964e-05
09/08/2012,0.0024216955274793,1.90026054311531e-05
10/08/2012,0.00543030725746787,2.01105853793719e-05
13/08/2012,0.000598058200096248,1.62629856683456e-05
14/08/2012,-0.00324020545336142,1.93654421226269e-05
15/08/2012,0.00210163997787271,1.22806224768363e-05
16/08/2012,0.00621262412702923,1.44928793727474e-05
17/08/2012,-0.000980078636282149,7.81339362120836e-06
20/08/2012,0.00146229762675686,1.20288761408182e-05
21/08/2012,-0.00583884920509433,2.49635534334499e-05
22/08/2012,0.00277107700170844,2.90130550532105e-05
23/08/2012,-0.0053157033632226,3.11311788693241e-05
24/08/2012,0.00840238387951302,2.53376549842398e-05
27/08/2012,-0.00252676460104816,1.42625502729688e-05
28/08/2012,0.00180278874116933,2.46462021998297e-05
29/08/2012,-0.00036093942313888,1.12666151644119e-05
30/08/2012,-0.00243837854589074,1.89017472452763e-05
31/08/2012,-0.00103598803457311,7.70863089368535e-05
04/09/2012,-0.00103475181714708,3.16415407428096e-05
05/09/2012,-0.00160307836799156,2.101508022066e-05
06/09/2012,0.0142213673689955,3.80433518614905e-05
07/09/2012,0.00222024982119468,9.24783040910158e-06
10/09/2012,-0.00375302844798617,9.63053670726295e-06
11/09/2012,0.00240291568901699,1.46511388395434e-05
12/09/2012,-0.00122946238051923,1.53023154806704e-05
13/09/2012,0.0159864961323457,6.14564199036661e-05
14/09/2012,0.00240729822462458,4.18181552142857e-05
17/09/2012,-0.00118141026999867,1.2247292194626e-05
18/09/2012,0.00120459640318718,1.33617349845656e-05
19/09/2012,-0.000360425688566325,2.47871387589788e-05
20/09/2012,0.00853114407445922,3.48173228956276e-05
21/09/2012,-0.00592309724654145,1.21671554643426e-05
24/09/2012,0.00311790071317217,1.42660174951207e-05
25/09/2012,-0.0131506583696721,2.89038670646063e-05
26/09/2012,-0.00415592468076855,3.69087638077041e-05
27/09/2012,0.00577592263414897,1.80134032448614e-05
28/09/2012,-0.00137663775381694,3.56069120131895e-05
01/10/2012,-0.00164680046660679,7.0673767860507e-05
02/10/2012,-0.00327605014310122,3.44081564353256e-05
03/10/2012,0.00188852132830579,2.99883436129744e-05
04/10/2012,0.00367676099836471,2.48650255393069e-05
05/10/2012,-0.00527245000485514,3.17832715737552e-05
08/10/2012,0.00041429880658777,1.62652597529739e-05
09/10/2012,-0.00936000114464751,2.86602430659704e-05
10/10/2012,-0.00647280353206864,2.75450446944301e-05
11/10/2012,-0.00611236228145319,2.58509163116872e-05
12/10/2012,-0.0038745242891861,2.54184510792724e-05
15/10/2012,0.00340353397568292,2.90412401556793e-05
16/10/2012,0.00567526162187958,1.28006272935018e-05
17/10/2012,0.00402193521313386,1.89519924959523e-05
18/10/2012,0.00075231395174402,2.83717260140729e-05
19/10/2012,-0.0152898037062108,5.25817554590887e-05
22/10/2012,0.000354192347716703,4.36788513095127e-05
23/10/2012,-0.00377186347215402,4.87955494591313e-05
24/10/2012,-0.00632360235750597,3.45112426399271e-05
25/10/2012,-0.00372056476034597,5.58729891951222e-05
26/10/2012,0.000768700693250588,6.56450520489784e-05
31/10/2012,-0.00412340938715649,3.85485796023123e-05
01/11/2012,0.00924997965815732,2.77503472980959e-05
02/11/2012,-0.0150114265615838,3.99634261830263e-05
05/11/2012,0.00215662140638574,2.56651215469583e-05
06/11/2012,0.00452898938805101,3.4652930858316e-05
07/11/2012,-0.0139471331613385,0.000107053145954146
08/11/2012,-0.0118072625066025,6.7762671496272e-05
09/11/2012,0.00386203140766398,9.62024826123231e-05
13/11/2012,0.00176418401194968,6.1635706307147e-05
14/11/2012,-0.0159350715963424,6.75220829011879e-05
15/11/2012,-0.00210460046300868,7.55905897428426e-05
16/11/2012,0.00426899629742685,9.40564603011403e-05
19/11/2012,0.00796558862045427,3.12619485292633e-05
20/11/2012,0.00124666485114625,5.72757184419482e-05
21/11/2012,0.00129076829919209,1.48250352834239e-05
26/11/2012,0.00301916454480965,2.30938789725252e-05
27/11/2012,-0.0037526117531183,4.78811447919275e-05
28/11/2012,0.0109183825916652,7.06699936932265e-05
29/11/2012,0.000799517771057201,5.59516469672635e-05
30/11/2012,-0.000297959733996014,3.02024335322197e-05
03/12/2012,-0.00989420652745097,3.904422332148e-05
04/12/2012,-0.00230276551471691,4.11518922961513e-05
05/12/2012,0.000491386297198065,4.72879128040242e-05
06/12/2012,0.00424175467413399,3.10111244924182e-05
07/12/2012,-0.0011436926276921,2.41511969316459e-05
10/12/2012,0.0022389598696109,1.94133439919619e-05
11/12/2012,0.00285226090218787,1.83587130663051e-05
12/12/2012,-0.00298230141162414,2.80508063281267e-05
13/12/2012,-0.00469431328097578,3.28018193586503e-05
14/12/2012,-0.000629029272064235,2.15029916061162e-05
17/12/2012,0.00893226980564597,2.24278003317877e-05
18/12/2012,0.00888644583948757,2.90884090555336e-05
19/12/2012,-0.00839527345828235,2.97747633846036e-05
20/12/2012,0.00506219725838438,3.18862137229755e-05
21/12/2012,0.00316493363243886,4.99218951881583e-05
26/12/2012,-0.00650889089994856,2.53752281852459e-05
27/12/2012,-0.00115709984952745,7.34146676426065e-05
28/12/2012,-0.00498074606193352,4.93033473091247e-05
31/12/2012,0.0183152046440118,9.78381837078724e-05
02/01/2013,0.00732054644599695,4.03494406126469e-05
03/01/2013,-0.00170434564830552,3.18272104420819e-05
04/01/2013,0.00302263096387958,2.55477975346558e-05
07/01/2013,0.000467201775214226,1.13901236676496e-05
08/01/2013,-0.00163852355697064,1.98240615630361e-05
09/01/2013,0.000946241108228272,1.35454176563538e-05
10/01/2013,0.0022175131753819,1.58992261475314e-05
11/01/2013,0.00112093043101926,1.1396982976211e-05
14/01/2013,0.000379997744400336,1.6307499945302e-05
15/01/2013,0.0038300078436153,1.23665874291741e-05
16/01/2013,0.00146016775732988,7.56353265254943e-06
17/01/2013,0.00101686445620988,1.25014935290795e-05
18/01/2013,0.00310841698637245,1.32046179320279e-05
22/01/2013,0.00500691510316104,1.25807412491826e-05
23/01/2013,0.00139160835092996,8.18427362194517e-06
24/01/2013,0.00207118057236328,2.45626955082741e-05
25/01/2013,0.00181725921438811,2.29462541571517e-05
28/01/2013,-0.00135307645238026,1.33595788854045e-05
29/01/2013,0.00566674006361313,1.82921657158377e-05
30/01/2013,-0.00409048683199198,2.08305412662118e-05
31/01/2013,-0.000914396395725029,2.69982438362095e-05
01/02/2013,0.00314779470398882,2.04495109293002e-05
04/02/2013,-0.00452546376944018,1.73887597360006e-05
05/02/2013,0.00434990226985702,1.2736914383007e-05
06/02/2013,0.00438641382114769,1.95623213947714e-05
07/02/2013,-0.00182520206397482,3.59088411796719e-05
08/02/2013,0.00305698666299559,1.18365280155016e-05
11/02/2013,0.000327001438553351,8.09527430542838e-06
12/02/2013,0.000113305527868451,8.38989229775906e-06
13/02/2013,-0.00012813160313113,1.58387165856678e-05
14/02/2013,0.00379942176670313,9.11054787923669e-06
15/02/2013,-0.0018008250035992,1.90357264383975e-05
19/02/2013,0.0060920146995538,1.11085240430973e-05
20/02/2013,-0.0115374576727764,2.42997780167183e-05
21/02/2013,-0.00449516834013532,3.86067688860994e-05
22/02/2013,0.00440297285120296,2.00877725500865e-05
25/02/2013,-0.0234695286607782,6.51037285909381e-05
26/02/2013,0.0018414375391715,5.81726024233706e-05
27/02/2013,0.0127132011001712,3.38755797929564e-05
28/02/2013,-0.0010412168306003,3.95102885221695e-05
01/03/2013,0.00734507977035063,5.50726838228425e-05
04/03/2013,0.00752876508811752,2.40686482725362e-05
05/03/2013,0.00383934528721249,2.17487678816566e-05
06/03/2013,-0.00145171623069491,1.73521056631274e-05
07/03/2013,-0.000395541605074554,1.26580555500364e-05
08/03/2013,-0.000152073855374884,1.43305908939969e-05
11/03/2013,0.00532139644273736,7.95084316107204e-06
12/03/2013,-0.00194553220719433,1.55365041891603e-05
13/03/2013,0.00162177548948931,1.41712931290835e-05
14/03/2013,0.00257620734777506,6.02282402965645e-06
15/03/2013,-0.000515030336481713,1.0414618977418e-05
18/03/2013,0.00340131568524723,2.51672548549583e-05
19/03/2013,-0.00413736966029236,6.80018782680843e-05
20/03/2013,0.00133321594095921,2.69780741067888e-05
21/03/2013,-0.0027339268144121,3.10244383408403e-05
22/03/2013,0.00383152200613541,2.13610248037931e-05
25/03/2013,-0.00706542711104766,4.53724791983455e-05
26/03/2013,0.0034690695025653,1.34857254331747e-05
27/03/2013,0.00513422553805816,1.61848417969621e-05
28/03/2013,0.00342479327317997,1.53714555453968e-05
01/04/2013,-0.00221970701664483,2.47380795281552e-05
02/04/2013,0.000732917801303625,1.69121483379663e-05
03/04/2013,-0.0102622905099586,3.72028485697596e-05
04/04/2013,0.00285982594182784,4.14227889987768e-05
05/04/2013,0.00762389208167592,3.25560586710759e-05
08/04/2013,0.00575611031123333,1.92882334337423e-05
09/04/2013,0.000979742847895293,2.09877213216382e-05
10/04/2013,0.0101549200447701,2.29140012582024e-05
11/04/2013,0.00339665974041885,1.99479889814732e-05
12/04/2013,0.000606853903317775,3.04832776163396e-05
15/04/2013,-0.0187326767449961,9.17219375075385e-05
16/04/2013,0.00657182819579018,3.00783464651667e-05
17/04/2013,-0.00808378247082215,7.04488685192359e-05
18/04/2013,-0.00853009099429151,6.87042895183216e-05
19/04/2013,0.00536211397022817,3.2568407218079e-05
22/04/2013,0.00238156114211102,3.86594296394304e-05
23/04/2013,0.00598669856100656,0.000192255597260967
24/04/2013,4.96317723508729e-05,1.56895280090754e-05
25/04/2013,0.00138276001260481,2.16237727519339e-05
26/04/2013,-0.000111609129327942,2.07262589795048e-05
29/04/2013,0.00323164105038574,1.22991295913046e-05
30/04/2013,0.00256135253376077,2.28433425480945e-05
01/05/2013,-0.00649342428505577,3.11659905583363e-05
02/05/2013,0.00615163797797048,1.54981360516736e-05
03/05/2013,0.00135120870021017,1.2740587288674e-05
06/05/2013,0.00216994678719877,6.82327902706217e-06
07/05/2013,0.00264605445882235,1.1599524227119e-05
08/05/2013,0.00539111071581296,7.82146553714664e-06
09/05/2013,-0.00110341672228222,3.22756741257203e-05
10/05/2013,0.00299940743189662,2.77258561303664e-05
13/05/2013,0.00476125043005858,2.5842328958573e-05
14/05/2013,0.00970315076188888,1.81257886542499e-05
15/05/2013,0.00667501264402414,2.73612476437213e-05
16/05/2013,-0.00297278637952046,3.14564738070969e-05
17/05/2013,0.00571487952989126,1.31060238213079e-05
20/05/2013,0.000897494932266805,2.40803953917755e-05
21/05/2013,-9.40166613767039e-05,2.64109687727981e-05
22/05/2013,-0.00844918671152825,0.000108702562677495
23/05/2013,0.00751549547514489,6.81242419878058e-05
24/05/2013,0.00479551002300186,3.18087689098253e-05
28/05/2013,-0.00402080822039143,3.39689956993798e-05
29/05/2013,-0.00143551317426022,5.51382163095618e-05
30/05/2013,0.00259862461171632,3.09280784857615e-05
31/05/2013,-0.0121020096964288,6.09711047089936e-05
03/06/2013,0.00334076405750739,5.54591441623585e-05
04/06/2013,-0.00569693992750851,7.0139377060827e-05
05/06/2013,-0.011154373000771,6.58608534058533e-05
06/06/2013,0.00995916891615621,7.22842475822001e-05
07/06/2013,0.00613237654877446,4.46134831165837e-05
10/06/2013,-0.00310052639356379,2.63404692335528e-05
11/06/2013,-0.000871113921700816,4.93447992970468e-05
12/06/2013,-0.0150226200169811,6.53347712286139e-05
13/06/2013,0.0157276375839319,4.61232954510538e-05
14/06/2013,-0.00504962691891606,5.15939646898295e-05
17/06/2013,0.000550743004766567,3.7554478457594e-05
18/06/2013,0.00430600428305898,3.31061774132006e-05
19/06/2013,-0.0134479268070446,0.000115290961144394
20/06/2013,-0.0154865948494358,8.69855691580437e-05
21/06/2013,-0.0045246112998086,0.000115560449926474
24/06/2013,-0.00232338718071513,0.000133006098266576
25/06/2013,0.000599552154340386,5.44583052157157e-05
26/06/2013,0.00156877958401686,3.0479964061657e-05
27/06/2013,7.37076257881844e-05,3.17929327574345e-05
28/06/2013,-0.00290084581557705,5.97370763408223e-05
01/07/2013,0.000503110856228185,3.36402225351387e-05
02/07/2013,0.000734777810577366,4.01723662452378e-05
05/07/2013,0.00300411122100562,5.23078524290012e-05
08/07/2013,0.000879107879813784,2.27851191195127e-05
09/07/2013,0.000997264762409759,1.38077126017765e-05
10/07/2013,0.00182042187770216,4.62186902562124e-05
11/07/2013,0.00223752294087982,1.79789604401517e-05
12/07/2013,0.0017133269374129,1.34805034333637e-05
15/07/2013,0.00165297426761863,5.29968408035458e-06
16/07/2013,-0.00409300246200482,1.36503622035746e-05
17/07/2013,-0.00140784646268732,1.56199112508417e-05
18/07/2013,0.00366711786179135,1.23082236831166e-05
19/07/2013,0.00372105358443774,1.20743598754564e-05
22/07/2013,0.000102363554499235,1.08056984956677e-05
23/07/2013,-0.00268975397571932,8.36366040191888e-06
24/07/2013,-0.00667377091085729,2.01895345852226e-05
25/07/2013,0.00470063082753726,2.16628274196619e-05
26/07/2013,0.00492897682279558,2.08914851671098e-05
29/07/2013,-0.000631176865375225,1.52213243271855e-05
30/07/2013,-0.0025706599214416,1.47578860779694e-05
31/07/2013,-0.00205296368986309,4.15982243121492e-05
01/08/2013,0.00312462275934299,1.31754348935736e-05
02/08/2013,0.00375440176381758,7.60029404096867e-06
05/08/2013,0.00148099781555394,6.71134591956538e-06
06/08/2013,-0.00358437757663117,1.52664784831477e-05
07/08/2013,-0.000178930681672006,1.89130242334399e-05
08/08/2013,-0.00103255824116354,1.62812662894703e-05
09/08/2013,-0.00178415297453461,2.22176079127918e-05
12/08/2013,0.00355088436453503,1.40019919356242e-05
13/08/2013,0.00183875001527396,2.00165080685054e-05
14/08/2013,-0.00501055179526257,2.09440142124374e-05
15/08/2013,-0.00651770226489195,2.962248794361e-05
16/08/2013,-0.000788584250489332,2.50979290193084e-05
19/08/2013,-0.00510271464542438,1.84788500642352e-05
20/08/2013,0.0035760933734253,1.53540466169137e-05
21/08/2013,-0.00270315312523427,5.68225848705866e-05
23/08/2013,-5.73623053768045e-05,1.65969515835341e-05
26/08/2013,-0.00543661533161726,2.34246737881733e-05
27/08/2013,-0.0059068804373754,3.45954570973867e-05
28/08/2013,0.00325247244272957,2.37575924351072e-05
29/08/2013,0.00386958190630888,2.83903347030285e-05
30/08/2013,-0.00540960524551733,5.4551545851344e-05
03/09/2013,-0.00524762757578759,3.42508539365469e-05
04/09/2013,0.00755630930992456,2.32030324215643e-05
05/09/2013,0.000686755375767138,1.71014224863144e-05
06/09/2013,-0.00384702941017752,6.90902819036955e-05
09/09/2013,0.0070761261711795,1.57712229681266e-05
10/09/2013,0.000978614319997246,1.35150426554881e-05
11/09/2013,0.00468895836054092,1.34753540209404e-05
12/09/2013,-0.00222988250422862,1.4803401812068e-05
13/09/2013,0.00100535923262682,1.1580270503514e-05
16/09/2013,-0.00444208722295278,1.75534043759866e-05
17/09/2013,0.00309552551017329,4.99825900293967e-06
18/09/2013,0.0119620836405465,7.40262714386372e-05
19/09/2013,-0.00375055927870656,1.77630683712851e-05
20/09/2013,-0.00857172036068859,2.03298189148224e-05
23/09/2013,-0.00362116416024253,1.74180205600476e-05
24/09/2013,-0.00249274396572634,1.93761545717415e-05
25/09/2013,-0.00368325347002986,3.30195254112406e-05
26/09/2013,0.00202148995311171,2.54069606991924e-05
27/09/2013,0.000723561624151976,1.55285387081805e-05
30/09/2013,0.0024807687668956,3.33466088984632e-05
01/10/2013,0.00694413993104908,3.2177391079462e-05
02/10/2013,0.00494960072806707,2.61865872359393e-05
03/10/2013,-0.00653912502211037,7.65211995977204e-05
04/10/2013,0.00656067099981282,2.36345533971893e-05
07/10/2013,-0.000236580391031031,2.72101753619948e-05
08/10/2013,-0.0110335150937946,5.34801338018398e-05
09/10/2013,-0.0014583632947714,5.33383752274127e-05
10/10/2013,0.0109500914248323,2.73105112009976e-05
11/10/2013,0.0082992957568506,2.37594502380124e-05
14/10/2013,0.00839906574838945,2.9655071212868e-05
15/10/2013,-0.00470857355077366,4.79189793513437e-05
16/10/2013,0.00779677097451096,3.31427958598071e-05
17/10/2013,0.0103613660411428,1.43671622581658e-05
18/10/2013,0.00328316194518439,1.61897026115589e-05
21/10/2013,-0.000254645636300313,9.95366197793132e-06
22/10/2013,0.00270450419267731,2.54672948599881e-05
23/10/2013,-0.00180873850323581,2.96991102712651e-05
24/10/2013,0.000933412475166938,1.27475998877345e-05
25/10/2013,0.00290810152899703,9.80673639409983e-06
28/10/2013,0.00118701029668723,1.17764539784402e-05
29/10/2013,0.00314776574918512,1.06157763880372e-05
30/10/2013,-0.00606434623142831,3.99022087852223e-05
31/10/2013,-0.00213758092895876,3.01695150223819e-05
01/11/2013,0.000443152728705069,3.26498281258416e-05
04/11/2013,0.00042201366653964,9.0244868301829e-06
05/11/2013,0.00118378898373548,1.36879124262248e-05
06/11/2013,0.00211129037010606,1.95808816160936e-05
07/11/2013,-0.0147480542547998,4.23824131422892e-05
08/11/2013,0.0134310439455002,3.8178681471821e-05
11/11/2013,0.00148380530598051,1.16817340229683e-05
12/11/2013,-0.000513789646161156,2.31257908040125e-05
13/11/2013,0.0128240632175084,1.85108895244133e-05
14/11/2013,0.00407833802134902,2.07111323308984e-05
15/11/2013,0.00275934227471808,6.60534678481564e-06
18/11/2013,-0.00475189499038653,2.28604984397067e-05
19/11/2013,-0.000698552484442508,2.9101843381821e-05
20/11/2013,-0.00628546898316398,3.78495116289144e-05
21/11/2013,0.00511500213920896,1.37784288506463e-05
22/11/2013,0.00395785419310455,6.10304480531562e-06
25/11/2013,-0.00257550544964108,7.85773250475515e-06
26/11/2013,-0.000714409116238206,8.66448849775619e-06
27/11/2013,0.001647278974607,7.03777867199488e-06
02/12/2013,-0.00347536912618882,1.34936529814746e-05
03/12/2013,-0.000742778963467683,2.25130238309847e-05
04/12/2013,0.00288891642617987,4.91730128019385e-05
05/12/2013,-0.00209823242540564,2.82274452855637e-05
06/12/2013,0.00147684697421776,1.55798203676123e-05
09/12/2013,-0.0028740515253837,1.72057716905717e-05
10/12/2013,-0.000865592868242157,1.15429204915427e-05
11/12/2013,-0.0117882797050416,3.07216363597954e-05
12/12/2013,-0.00313904383957452,3.15063484259579e-05
13/12/2013,-0.0020920817257124,2.15387144565424e-05
16/12/2013,0.00106990417865932,1.84578643578508e-05
17/12/2013,-0.00370386753129631,2.17886023895011e-05
18/12/2013,0.0152716518184025,0.000102414892422785
19/12/2013,0.00181597361876676,1.67429210367224e-05
20/12/2013,0.00474620241351045,1.37641381893953e-05
23/12/2013,-0.000277427083443318,6.0082469823357e-06
26/12/2013,0.00294711653641275,3.30184068045246e-06
27/12/2013,-0.000904022307826833,5.51852982817002e-06
30/12/2013,-0.000468906995936082,3.76175544733097e-06
31/12/2013,0.00227841848989305,7.3190679683935e-06
02/01/2014,-0.00545200426628303,2.53649825955444e-05
03/01/2014,-0.00258235906433701,1.79466413432079e-05
06/01/2014,-0.00582514037115733,2.54207507216094e-05
07/01/2014,0.00161100855477326,1.02272725758999e-05
08/01/2014,0.000124055729090663,2.69699604219326e-05
09/01/2014,-0.00182757968000953,1.81194509619867e-05
10/01/2014,0.000798789784416939,2.0195488118211e-05
13/01/2014,-0.010906076777596,2.28362672957317e-05
14/01/2014,0.00743682792143065,2.02921921080682e-05
15/01/2014,0.00294140549097727,1.537203940771e-05
16/01/2014,0.00105288203288084,1.30928978476105e-05
17/01/2014,-0.00290146888538229,1.28177745715975e-05
21/01/2014,-0.0026507590934574,2.67368421926847e-05
22/01/2014,-0.00115120702066601,1.05507149626576e-05
23/01/2014,-0.00357686112324566,2.51806310367597e-05
24/01/2014,-0.0153248935282715,5.60100141822489e-05
27/01/2014,-0.00588992088828102,7.15589123176918e-05
28/01/2014,0.00536353215845551,2.90432426071373e-05
29/01/2014,-0.00634896618159714,0.000100044337878025
30/01/2014,0.00165951779782791,2.15683935485705e-05
31/01/2014,0.00661251505005015,5.74912457535945e-05
03/02/2014,-0.0208680266233374,9.75595834320253e-05
04/02/2014,0.00134565304566965,5.20248294209219e-05
05/02/2014,0.00173592891154985,8.61947494812553e-05
06/02/2014,0.0106209484903735,2.59843215872358e-05
07/02/2014,0.00699613372477952,2.84509138523246e-05
10/02/2014,0.0014381107439275,1.1737902286559e-05
11/02/2014,0.00933241950707504,1.74477793864548e-05
12/02/2014,-0.00113589721176055,2.34982918720723e-05
13/02/2014,0.0119549339173793,2.04587272804141e-05
14/02/2014,0.0060652000665987,1.60634935260902e-05
18/02/2014,-2.99352797800272e-05,1.55456532996119e-05
19/02/2014,-0.00354717427669195,3.57520861270949e-05
20/02/2014,0.00457054649876395,3.10953620574634e-05
21/02/2014,-0.00329548497255353,1.89101142677997e-05
24/02/2014,0.00307553479447317,2.58665692347468e-05
25/02/2014,-0.00122601774090355,3.59810018262179e-05
26/02/2014,-0.00176506025426927,2.98822736044893e-05
27/02/2014,0.00630809870223615,3.21562675282774e-05
28/02/2014,0.00256103340115772,4.15845769274834e-05
03/03/2014,0.00119591436573612,4.92346643272164e-05
04/03/2014,0.00484660779506102,1.8644181125872e-05
05/03/2014,0.000162570873138074,1.67121052833572e-05
06/03/2014,-0.000395178963515693,1.09320248466764e-05
07/03/2014,-0.00344306298819382,3.97113861111462e-05
10/03/2014,0.00168239628688697,2.03878224354943e-05
11/03/2014,-0.00688258461132601,2.64977033367237e-05
12/03/2014,0.00522591286585611,3.01064633613278e-05
13/03/2014,-0.0144382529743851,5.36534925827565e-05
14/03/2014,-0.00133379649175374,4.9660507020541e-05
17/03/2014,0.00411392845889011,3.01571507938665e-05
18/03/2014,0.00537513910560764,2.56459971228439e-05
19/03/2014,-0.00590716113011783,5.15963640684443e-05
20/03/2014,0.00825698610274886,2.93048876057132e-05
21/03/2014,-0.00795750972568515,4.160013018026e-05
24/03/2014,-0.00737480951370069,4.60561230702089e-05
25/03/2014,2.10388306381656e-05,3.04275364110397e-05
26/03/2014,-0.0114342482006163,3.42562208703439e-05
27/03/2014,-0.00103740278889629,6.38952156754753e-05
28/03/2014,0.00187344075690157,3.42596272745376e-05
31/03/2014,0.0014762573593076,1.71837250685759e-05
01/04/2014,0.0032742911668373,1.35254417718062e-05
02/04/2014,0.00280986294614894,1.801253093476e-05
03/04/2014,-0.00271599870048824,1.6624355600107e-05
04/04/2014,-0.0173619497955121,5.60961830848351e-05
07/04/2014,-0.00891795935498071,5.54288915737363e-05
08/04/2014,0.00489412071438288,4.38954156723514e-05
09/04/2014,0.00804310802875626,2.58867784108253e-05
10/04/2014,-0.0212847489404949,7.11807680197812e-05
11/04/2014,-0.00362762672976848,7.54269799044453e-05
14/04/2014,0.000313036855597057,4.20042768430717e-05
15/04/2014,0.00480123420273435,8.42062597293194e-05
16/04/2014,0.00321214825007945,3.43743959190726e-05
17/04/2014,0.00287044260894177,2.22091392958364e-05
21/04/2014,0.00356526899209616,1.3877274497011e-05
22/04/2014,0.00263591825337273,1.12204548615313e-05
23/04/2014,-0.00146126915019299,1.43765947856747e-05
24/04/2014,-0.00244586091653818,3.4253822745189e-05
25/04/2014,-0.00452450009415355,2.62717829399869e-05
28/04/2014,-0.000835532895080023,6.3395941104862e-05
29/04/2014,0.00125094306433512,1.74442195978963e-05
30/04/2014,0.00473112916536201,2.64482248896503e-05
01/05/2014,3.97928819487253e-05,2.09819380492796e-05
02/05/2014,-0.00123742882015727,3.38425563949467e-05
05/05/2014,0.00686752586651504,2.21302375063371e-05
06/05/2014,-0.00647890263801217,2.30762392267217e-05
07/05/2014,0.0020369364786108,7.12251836542268e-05
08/05/2014,3.87930490143512e-05,2.96810907016125e-05
09/05/2014,0.00186904316468422,3.63482959780061e-05
12/05/2014,0.00290432814843381,1.54393939558692e-05
13/05/2014,-0.000387372923485723,1.13262752414643e-05
14/05/2014,-0.0039146275027553,1.57589801907044e-05
15/05/2014,-0.00681146262579949,4.37060593466992e-05
16/05/2014,0.00168095608053257,2.86567559062474e-05
19/05/2014,0.00584057463126953,1.44734576684275e-05
20/05/2014,-0.00642186225666043,2.89105337241265e-05
21/05/2014,0.00507855319299542,1.40016685569044e-05
22/05/2014,0.00216949385288191,9.75621299926489e-06
23/05/2014,0.00334818637355825,4.41841979806148e-06
27/05/2014,0.00220547673033908,7.54438309022694e-06
28/05/2014,-0.000479070105995009,9.40778470404846e-06
29/05/2014,0.00244549286967089,6.71876491029067e-06
30/05/2014,0.00235965273631597,8.16403977582455e-06
02/06/2014,-0.000431196739436418,1.6749740225919e-05
03/06/2014,0.00182171159317459,7.55688015709363e-06
04/06/2014,0.00332041450860299,8.98838755453792e-06
05/06/2014,0.00515841193306624,1.65179409351226e-05
06/06/2014,0.00235065505424669,6.88757069115359e-06
09/06/2014,0.00151052544484004,8.12693782283963e-06
10/06/2014,0.00148897698105573,9.73622896110314e-06
11/06/2014,-9.61944100138655e-06,8.65084958862091e-06
12/06/2014,-0.00592744744009635,1.85314852223074e-05
13/06/2014,0.00125327028271844,2.10705397238297e-05
16/06/2014,0.0019709076431248,1.91467527985365e-05
17/06/2014,0.00415605183891413,1.52073324282786e-05
18/06/2014,0.00668203529577612,1.67337613874792e-05
19/06/2014,0.000124642216853583,9.37687919960178e-06
20/06/2014,-3.34871070980483e-07,5.07020898081364e-06
23/06/2014,-0.000586429275192505,6.99859213693842e-06
24/06/2014,-0.00410342078842239,1.76698262009297e-05
25/06/2014,0.00694638281776157,1.93491262559797e-05
26/06/2014,-0.000861511548931898,2.51059291471862e-05
27/06/2014,0.00425246817691401,1.29913393835158e-05
30/06/2014,2.42686623254338e-05,6.3351675460773e-06
01/07/2014,0.00431792528388069,1.0225004356551e-05
02/07/2014,0.00116706086045879,7.73363443310252e-06
07/07/2014,-0.00123741467508549,9.09755574208987e-06
08/07/2014,-0.00430271109536323,2.63256406691445e-05
09/07/2014,0.00206954569797391,1.5554911945173e-05
10/07/2014,0.00629872772242393,2.27008044296905e-05
11/07/2014,0.00207917904472606,1.27599744010564e-05
14/07/2014,0.000233653422449529,4.28924679107976e-06
15/07/2014,-0.00219559340612685,2.92557611278956e-05
16/07/2014,-0.00128349917780216,8.84689608962891e-06
17/07/2014,-0.00867788766757978,3.81742934903316e-05
18/07/2014,0.00677003078137728,1.32805700957791e-05
21/07/2014,0.00178015658823441,1.06395732097354e-05
22/07/2014,0.00121775985284153,6.18654496727534e-06
23/07/2014,0.000580549615036333,7.24380945680311e-06
24/07/2014,-0.00112415809625915,7.98544644353405e-06
25/07/2014,-0.00233274354588584,1.49684141775812e-05
28/07/2014,-0.000526351249946788,1.93212084122206e-05
29/07/2014,-0.00601693000444217,2.3287590494359e-05
30/07/2014,-0.00364168393501445,3.48830025311231e-05
31/07/2014,-0.0133338987212762,5.00232238608528e-05
01/08/2014,-0.000583259521827663,6.96376556206925e-05
04/08/2014,0.00455976512145285,2.61919002156539e-05
05/08/2014,-0.00589302183942371,7.63869459873033e-05
06/08/2014,0.00454767394841101,4.27043748297314e-05
07/08/2014,-0.0107110290618367,4.71996584139415e-05
08/08/2014,0.00847006296392946,2.59951283167914e-05
11/08/2014,-0.00116800841231837,1.40246334065182e-05
12/08/2014,5.11915188476054e-05,2.58588259853009e-05
13/08/2014,0.00312271307631461,1.07488115378747e-05
14/08/2014,0.00241395285920584,5.55006308152425e-06
15/08/2014,-0.00364606173779922,5.43804414282002e-05
18/08/2014,0.00313913383882002,5.98045634079371e-06
19/08/2014,0.0031671166818169,3.85225089112486e-06
20/08/2014,0.00399879960484418,9.93505927420772e-06
21/08/2014,0.00203550732908721,7.44755894756341e-06
22/08/2014,-0.00133824555132703,1.78194125718182e-05
25/08/2014,-0.00151848696525534,7.61637805672096e-06
26/08/2014,0.000360245056737705,5.80046948318429e-06
27/08/2014,-0.00118141729025683,6.13587953720848e-06
28/08/2014,0.00330947680232015,8.4221905431394e-06
29/08/2014,0.00123676143496622,6.79904285880771e-06
02/09/2014,-0.00163714681717187,1.31077264144306e-05
03/09/2014,-0.00448848736158371,9.91466064597828e-06
04/09/2014,-0.00296893691531987,1.75322711110653e-05
05/09/2014,0.00447070425541603,2.3005451961431e-05
08/09/2014,-0.0014983178920299,1.60800503464694e-05
09/09/2014,-0.00479422354150618,2.72553563965737e-05
10/09/2014,0.00305407978258776,3.08768120048986e-05
11/09/2014,0.00485583065894813,1.8305418363357e-05
12/09/2014,-0.00459954746622928,2.5566448263728e-05
15/09/2014,-0.00176544851052184,2.1232697401368e-05
16/09/2014,0.00928009319651713,2.05197976168022e-05
17/09/2014,-0.000440539565442674,5.27884976545104e-05
18/09/2014,0.00178757630573809,1.20468243325487e-05
19/09/2014,-0.00413056581688542,1.35140777834022e-05
22/09/2014,-0.00635031982330762,1.86238452076521e-05
23/09/2014,-0.00275652185779097,2.3018303646878e-05
24/09/2014,0.00700845036369062,1.71134917686559e-05
25/09/2014,-0.0140321308856137,4.38976240184642e-05
26/09/2014,0.00608264009346563,3.60856658401376e-05
29/09/2014,0.00730917314771024,4.09350294453363e-05
30/09/2014,-0.00319464210308981,4.22281876598975e-05
01/10/2014,-0.012773391729585,6.06561563611903e-05
02/10/2014,0.00144325356323525,6.73060718499225e-05
03/10/2014,0.00461062169647648,4.60718032326454e-05
06/10/2014,-0.00543704450696394,3.46563028962732e-05
07/10/2014,-0.010490730291314,4.73180537903261e-05
08/10/2014,0.016336236005819,8.13681665748655e-05
09/10/2014,-0.0190636132501858,0.000111579996074612
10/10/2014,-0.0119246383792104,0.000133006626150797
13/10/2014,-0.0161085125921368,0.000152125721767067
14/10/2014,-0.00317579800731345,0.000136592489962017
15/10/2014,0.00625672024638411,0.00030226260630358
16/10/2014,0.0177532351211784,0.000223671865006958
17/10/2014,0.000157349332010412,8.85755566906348e-05
20/10/2014,0.0117726095419097,6.53450935165679e-05
21/10/2014,0.0122344770761757,2.46530364405946e-05
22/10/2014,-0.00889609264190452,5.89578870094469e-05
23/10/2014,0.00136302662623713,4.85810249862936e-05
24/10/2014,0.00581950429981619,3.61765299884525e-05
27/10/2014,0.00181680818174909,3.58348651638687e-05
28/10/2014,0.00805181146321046,1.80499241661521e-05
29/10/2014,-0.00188508240577067,5.68083757669234e-05
30/10/2014,0.00924745617821655,3.66486624012333e-05
31/10/2014,-0.000379895839825665,2.15114937854164e-05
03/11/2014,-0.000805206292545906,2.34996358288218e-05
04/11/2014,-0.000212725940712037,2.99503767199157e-05
05/11/2014,-0.000920967236926887,2.16983489846031e-05
06/11/2014,0.00405226695932442,1.75686646434216e-05
07/11/2014,0.000666244360341431,1.98779905119525e-05
10/11/2014,0.00199239897093992,8.60590720856529e-06
11/11/2014,7.45200940750982e-05,6.58213650258788e-06
12/11/2014,0.00267747492793795,1.12604566547784e-05
13/11/2014,0.000267852573085431,3.01189593173472e-05
14/11/2014,0.000163728341833951,1.24339020877973e-05
17/11/2014,0.00241394635769403,1.61373910244141e-05
18/11/2014,0.00562780039291668,9.08377801342458e-06
19/11/2014,-0.000532505091316065,2.60064718138408e-05
20/11/2014,0.00612791424083898,1.00674228718367e-05
21/11/2014,-0.00414462433012451,1.47613377651677e-05
24/11/2014,0.000335808072790693,6.03535288712387e-06
25/11/2014,-0.00135022734112928,1.12984795258833e-05
26/11/2014,0.00193685572470813,4.39132773836833e-06
01/12/2014,-0.00323072787035686,2.61339788937829e-05
02/12/2014,0.00657103779772051,1.5932201895252e-05
03/12/2014,0.00320067935667347,9.44607948904295e-06
04/12/2014,0.00149556466983313,1.69893542176547e-05
05/12/2014,0.00101402419630024,1.53267066935534e-05
08/12/2014,-0.00461018287116961,2.45531236590185e-05
09/12/2014,0.00968826451475936,4.20139473723203e-05
10/12/2014,-0.0120849227206956,6.64489482050801e-05
11/12/2014,0.00161502205470161,5.65291212771494e-05
12/12/2014,-0.0086457528562919,8.34442946488191e-05
15/12/2014,-0.0127990284792029,0.000138327286647448
16/12/2014,-0.00247353739209373,0.000153155517227665
17/12/2014,0.0171702386503785,0.000166573208473575
18/12/2014,0.00896505917488248,4.74879734580106e-05
19/12/2014,0.000761423492709621,4.193853321465e-05
22/12/2014,0.00328712051208623,1.15104797712084e-05
23/12/2014,-0.00178007228027823,1.17274714460721e-05
26/12/2014,0.000451041146511253,3.54627673242396e-06
29/12/2014,0.00201914960963079,5.7118177867562e-06
30/12/2014,-0.00305147935360839,9.01261227287547e-06
31/12/2014,-0.0120174240968964,2.6710800094465e-05
02/01/2015,-0.00495072523704212,6.26737750626315e-05
05/01/2015,-0.0115489250317606,6.00018619070469e-05
06/01/2015,-0.0107694005015668,0.000114108545074286
07/01/2015,0.00465077323097819,5.90022860737205e-05
08/01/2015,0.00942697625943371,2.25285105367065e-05
09/01/2015,-0.0109839810824996,7.35533567396395e-05
12/01/2015,-0.00815624542084545,7.24194447874746e-05
13/01/2015,-0.00941780307750727,0.000144709112997889
14/01/2015,0.00620605610558332,0.0001083130745798
15/01/2015,-0.0128619174767597,0.000111774837380173
16/01/2015,0.0145874837677008,7.65888385622537e-05
20/01/2015,-0.00157093570822625,7.52860625471388e-05
21/01/2015,0.00793408535733513,9.91040991793226e-05
22/01/2015,0.0100645828424695,5.55481037703961e-05
23/01/2015,-0.00383519377701884,2.36330681672869e-05
26/01/2015,0.00375586266920983,2.97304896265076e-05
27/01/2015,-0.00175224500465424,4.81359461199366e-05
28/01/2015,-0.0206211843658576,8.32841798562378e-05
29/01/2015,0.00752926447700131,9.04117102914956e-05
30/01/2015,-0.00518496265101524,0.000106603746978061
02/02/2015,0.0087701047491887,0.000121062821589608
03/02/2015,0.00878848904233346,4.91605874858564e-05
04/02/2015,0.000232147298386869,5.8572891635246e-05
05/02/2015,0.00609330225392504,2.2825513570003e-05
06/02/2015,-0.00511474439666719,4.47374346294956e-05
09/02/2015,-0.00172950377048518,3.11100739836225e-05
10/02/2015,0.00447185662765756,2.92865279738142e-05
11/02/2015,0.00149100373792548,2.81497214846997e-05
12/02/2015,0.00413533933752207,1.42481650519018e-05
13/02/2015,0.00352985926802228,1.05749035803269e-05
17/02/2015,0.00318267278367953,1.2154779944662e-05
18/02/2015,0.0027201215901692,1.58093059865961e-05
19/02/2015,0.00234211858241397,9.07404484613902e-06
20/02/2015,0.00845440918283502,2.54753539052561e-05
23/02/2015,0.00131596780108452,8.62976781738273e-06
24/02/2015,0.00344352335719642,1.15847000411156e-05
25/02/2015,1.20302477548614e-05,1.12698990016465e-05
26/02/2015,-0.000555488679694597,1.93162752825355e-05
27/02/2015,-0.00276740209540912,1.45271644865123e-05
02/03/2015,0.00525493104216573,8.40943067855463e-06
03/03/2015,-0.00142520749431746,2.11081777352688e-05
04/03/2015,-0.000858396760489039,2.37578667145419e-05
05/03/2015,-0.000753659267847084,1.36584299289435e-05
06/03/2015,-0.00958334226845476,3.97163474776188e-05
09/03/2015,0.00336564179744704,1.44928846904981e-05
10/03/2015,-0.00852424693969846,3.62567114439236e-05
11/03/2015,-0.00354960834719902,3.70819320185321e-05
12/03/2015,0.00914999493947601,2.25310081380317e-05
13/03/2015,-0.00487935370822972,4.67568265012639e-05
16/03/2015,0.00971796143912041,1.71110691795676e-05
17/03/2015,0.000382789668909522,2.17110010649837e-05
18/03/2015,0.0153096111482151,0.000103012376983154
19/03/2015,-0.00188820796771631,2.548347095077e-05
20/03/2015,0.00288286336675097,1.50354999177058e-05
23/03/2015,-0.00192252981852372,1.52956806852802e-05
24/03/2015,-0.00501591117372449,2.26860617391899e-05
25/03/2015,-0.0158788035339801,4.6592649471267e-05
26/03/2015,0.00197399950164991,6.24831330890721e-05
27/03/2015,0.00268485271734232,3.88899704877901e-05
30/03/2015,0.00571029776165957,1.42853256985979e-05
31/03/2015,-0.00739938884252669,5.7603672600665e-05
01/04/2015,-0.00345385365155836,5.6725916547127e-05
02/04/2015,0.00370037192039222,3.06952206517805e-05
06/04/2015,0.0115751690197478,2.17358384686368e-05
07/04/2015,-0.00313526091814447,2.05250843801496e-05
08/04/2015,0.00196021033471581,5.26932554274403e-05
09/04/2015,0.00625832874363557,4.40667529864577e-05
10/04/2015,0.00409805622081243,8.05755787973614e-06
13/04/2015,-0.00378005368132358,1.56394844581701e-05
14/04/2015,0.00319631326412947,3.41613794087825e-05
15/04/2015,0.00201033678902782,1.46351597937656e-05
16/04/2015,0.0014881711315039,1.48258786331741e-05
17/04/2015,-0.000631954189992067,5.08718557649361e-05
20/04/2015,0.00397550095559063,1.34594761868525e-05
21/04/2015,-0.00507013200853978,1.61130230555603e-05
22/04/2015,0.00314736540433756,2.15902463578253e-05
23/04/2015,0.00486513973284047,2.36611458697515e-05
24/04/2015,-0.000206321437864857,9.48819631341684e-06
27/04/2015,-0.00707724765826028,2.14144274558356e-05
28/04/2015,0.00320520361529405,4.37910605559462e-05
29/04/2015,0.00124858875945771,4.32880971129219e-05
30/04/2015,-0.00647386779615878,5.21708804527288e-05
01/05/2015,0.00557898922320033,2.45758447752129e-05
04/05/2015,-0.000195913317813713,1.09188019681365e-05
05/05/2015,-0.0103094936190014,3.61206471792154e-05
06/05/2015,-0.00656404098236844,8.39018351749302e-05
07/05/2015,0.00503227275506117,3.15529183756828e-05
08/05/2015,0.00310650594063616,1.14983767467916e-05
11/05/2015,-0.00463420108649838,1.76224049587962e-05
12/05/2015,0.00254826493217628,4.79130207411672e-05
13/05/2015,-0.00192707158901066,3.27855243662122e-05
14/05/2015,0.00469331013235627,9.96167479883374e-06
15/05/2015,1.42914235881015e-05,1.24384089208037e-05
18/05/2015,0.00356552897114013,6.46564600298115e-06
19/05/2015,-0.00117608622157846,1.07399462242889e-05
20/05/2015,-0.00130841937416687,2.00186439612549e-05
21/05/2015,0.00381607636215404,7.52902080666898e-06
22/05/2015,-0.000450334752670243,8.71015090646495e-06
26/05/2015,-0.00840414923356496,1.94652723288019e-05
27/05/2015,0.00676202431764592,1.74422905234729e-05
28/05/2015,0.000336259996143834,2.20228418732941e-05
29/05/2015,-0.00608952251898265,2.94766352628152e-05
01/06/2015,-0.00171852889355956,3.67679765620512e-05
02/06/2015,0.00129470363492351,2.77707704319223e-05
03/06/2015,-0.00024644805928572,2.74663422976395e-05
04/06/2015,-0.00374530606215485,3.43219523655582e-05
05/06/2015,-0.000689744389037942,3.81747703126593e-05
08/06/2015,-0.00512415172844257,1.5278419878361e-05
09/06/2015,0.000796539065316829,2.32742310875602e-05
10/06/2015,0.00820028764601023,2.04955301808516e-05
11/06/2015,0.000790472194527838,1.5053558375229e-05
12/06/2015,-0.00293298376573764,1.89711853269105e-05
15/06/2015,0.00255209492023364,3.19220369054159e-05
16/06/2015,0.00653938792882172,3.16302416248495e-05
17/06/2015,0.000766945232676812,4.20736557934673e-05
18/06/2015,0.00693135913533147,2.30294283302358e-05
19/06/2015,-0.00411270441589236,1.47482150008452e-05
22/06/2015,-0.000335652449106973,1.43201264924407e-05
23/06/2015,-0.000237024417868347,1.00345920594693e-05
24/06/2015,-0.00552150836666682,1.50100019472291e-05
25/06/2015,-0.00618335869125588,1.53202009559846e-05
26/06/2015,-0.00210983310112654,2.66667499639258e-05
29/06/2015,-0.0123302683057768,4.00879822124023e-05
30/06/2015,-0.00621896230409549,5.65898297770299e-05
01/07/2015,-0.000733660066844398,2.71787152239794e-05
02/07/2015,-0.00335178435635271,1.94341621406861e-05
06/07/2015,0.00463695831620074,3.29471969731203e-05
07/07/2015,0.00562584532835568,9.49595320534979e-05
09/07/2015,-0.0102328422168865,4.29074136097928e-05
10/07/2015,0.00103238014869159,1.92716469285578e-05
13/07/2015,0.00380504484964899,1.07262815041322e-05
14/07/2015,0.00498623417290228,6.75229911833164e-06
15/07/2015,0.000397725491038252,1.59782250602246e-05
16/07/2015,0.0017360512484656,7.00424908813424e-06
17/07/2015,9.50425584319583e-05,4.0611280464494e-06
20/07/2015,-0.000316572350031623,9.33262222279213e-06
21/07/2015,-0.00278644391201111,1.16805310405796e-05
22/07/2015,0.00205800650060679,1.29572538435212e-05
23/07/2015,-0.0062301780053611,1.60676777503971e-05
24/07/2015,-0.011303043441361,2.39557330104984e-05
27/07/2015,-0.000487451866338343,3.82643100622842e-05
28/07/2015,0.00740315058036747,2.93671471611144e-05
29/07/2015,0.00533393628023679,2.18241272595974e-05
30/07/2015,0.00320497511595232,1.84030225249316e-05
31/07/2015,-0.00506217709782116,1.93852121212033e-05
03/08/2015,-0.00407678456488751,3.21000534442803e-05
04/08/2015,-0.00136837448240958,2.64336157153236e-05
05/08/2015,-0.001622464550989,1.93584083907495e-05
06/08/2015,-0.00848144167495647,2.88567247396256e-05
07/08/2015,-0.000244009217711932,3.19578070912914e-05
10/08/2015,0.00557112309217002,1.31224424539484e-05
11/08/2015,-0.00126855415090183,3.07177918845445e-05
12/08/2015,0.00924766529708768,7.46104341801207e-05
13/08/2015,-0.000534348415438007,4.44849710993623e-05
14/08/2015,0.0043145147323785,1.66392908925202e-05
17/08/2015,0.00921389268999169,2.15015811628538e-05
18/08/2015,-0.00179871111834243,1.46149488514212e-05
19/08/2015,-0.00358694680642696,6.741101228721e-05
20/08/2015,-0.0115898028407759,7.04927443846131e-05
21/08/2015,-0.021031660153482,0.000157039887192769
24/08/2015,0.0103031924113353,0.0023969498473981
25/08/2015,-0.0423711738245762,0.000414320774612608
26/08/2015,0.0127134984979961,0.000483199075655932
27/08/2015,0.0116075692059108,0.000241602707608473
28/08/2015,0.00444021372858571,9.67646794235672e-05
31/08/2015,-0.00232521940192886,0.000105670641461578
01/09/2015,-0.0076399844358877,0.000166390768507576
02/09/2015,0.00356745225852137,0.00013078339430524
03/09/2015,-0.00401106770954073,8.74769613095159e-05
04/09/2015,-0.000921799908112199,8.88250041730058e-05
08/09/2015,0.00713782965271091,4.43725190534517e-05
09/09/2015,-0.0228175824133018,6.67319604019619e-05
10/09/2015,0.00756220486352314,8.50454462205042e-05
11/09/2015,0.00737782773133891,5.87549822039629e-05
14/09/2015,-0.00491332479891036,3.84553836260591e-05
15/09/2015,0.0102070463119598,2.89797334558908e-05
16/09/2015,0.00642830190060666,3.09476039235118e-05
17/09/2015,-0.000614174778193964,0.00016506450877161
18/09/2015,-0.00144999914089544,9.61428616671853e-05
21/09/2015,1.88114495776721e-05,7.04109532906247e-05
22/09/2015,0.000596477666362315,7.44012299727688e-05
23/09/2015,-0.00254176753931809,6.59876260244112e-05
24/09/2015,0.00408365623119691,9.10476529422623e-05
25/09/2015,-0.00986157725299123,9.08662933332047e-05
28/09/2015,-0.0199166077847905,9.48423569896884e-05
29/09/2015,-0.000856745140146532,0.000146475610548138
30/09/2015,0.00672174228238877,9.90464879971184e-05
01/10/2015,0.000723949174335785,0.000125796369997661
02/10/2015,0.0268909159546521,0.000113524393243804
05/10/2015,0.00996288029867098,3.82035402608275e-05
06/10/2015,-0.00149592408896201,4.81521551040419e-05
07/10/2015,0.00228732694649309,8.06146737218588e-05
08/10/2015,0.0109987653146241,5.00040150309676e-05
09/10/2015,0.000150051503017931,3.12468901795616e-05
12/10/2015,0.000493195828367279,1.56125589934985e-05
13/10/2015,-0.00197298066719052,2.60259253641058e-05
14/10/2015,-0.00358182692715058,4.66879890743199e-05
15/10/2015,0.0105965663084192,2.88403081254439e-05
16/10/2015,0.001275595496027,2.00047682161519e-05
19/10/2015,0.0039990442862556,2.27236394418657e-05
20/10/2015,0.00102869008872898,2.44412286012124e-05
21/10/2015,-0.00855898719478943,5.7388642448522e-05
22/10/2015,0.0110789706501514,3.4665832394504e-05
23/10/2015,0.00167040219863041,2.71466420005086e-05
26/10/2015,-0.00133049654559513,1.50303575519038e-05
27/10/2015,0.00230599488387477,2.72041310114092e-05
28/10/2015,0.00993033996809367,9.14875281478231e-05
29/10/2015,0.00279814540109503,2.38471233597748e-05
30/10/2015,-0.00564462564937102,3.27843661821627e-05
02/11/2015,0.00969887838670974,1.535708187621e-05
03/11/2015,0.00459726611457072,2.13045672871724e-05
04/11/2015,-0.00349913600045653,3.93741537558314e-05
05/11/2015,-0.00173064799592427,3.45198604749522e-05
06/11/2015,0.00110505253196239,3.89067937251228e-05
09/11/2015,-0.00557952462784919,5.00912394041289e-05
10/11/2015,0.00485469424260269,3.56686965523945e-05
11/11/2015,-0.00605589593279537,2.46769798906729e-05
12/11/2015,-0.00727443234572582,4.81933360253019e-05
13/11/2015,-0.00859785328655488,4.48123998153966e-05
16/11/2015,0.0159520999059674,5.79931498602239e-05
17/11/2015,-0.002907487292589,6.54633749995165e-05
18/11/2015,0.0125714813816016,4.29964853533009e-05
19/11/2015,-9.18496653349054e-05,2.32366714559237e-05
20/11/2015,4.51375163939875e-05,1.66663527299056e-05
23/11/2015,-0.00166125719815436,2.07492234047827e-05
24/11/2015,0.00764469924387109,3.31191215867372e-05
25/11/2015,-0.000792704236953753,1.13565914783484e-05
30/11/2015,-0.00528504707103022,1.84357546150443e-05
01/12/2015,0.00607590129331205,2.57690411447589e-05
02/12/2015,-0.0102727221045124,2.67681086488724e-05
03/12/2015,-0.0153552033119607,8.14761701625837e-05
04/12/2015,0.0170763830168785,6.53721707301216e-05
07/12/2015,-0.00446633451765624,6.11242999490283e-05
08/12/2015,0.00272234487169319,9.37659744568101e-05
09/12/2015,-0.00389613226170801,0.000110845933342749
10/12/2015,0.00155696169582889,6.49483803684662e-05
11/12/2015,-0.00749495965983038,7.3611744967043e-05
14/12/2015,0.00497600200998571,0.000155422015172449
15/12/2015,0.00164834422530617,4.03167741835941e-05
16/12/2015,0.00836978857798733,6.91744616623141e-05
17/12/2015,-0.0161884185918716,8.62129844571499e-05
18/12/2015,-0.0141808276925202,8.34892155509086e-05
21/12/2015,0.00108012387787965,5.52724991028004e-05
22/12/2015,0.00425263066057748,4.10823537759361e-05
23/12/2015,0.00576274631592024,1.5390445348083e-05
28/12/2015,0.00164992920849923,2.59127547363553e-05
29/12/2015,0.00423430487590727,1.32738072973942e-05
30/12/2015,-0.00571239598214431,1.84378409066336e-05
31/12/2015,-0.00573285578339876,4.02557206978131e-05
04/01/2016,0.00230995841227223,9.03636836553247e-05
05/01/2016,0.000215341344845294,6.59690151950894e-05
06/01/2016,0.00236336598262128,7.10036764333734e-05
07/01/2016,-0.00673173546969114,0.00016269302165799
08/01/2016,-0.0169647605405987,0.000145562951088864
11/01/2016,-0.0046871491220447,0.000153446757497335
12/01/2016,-0.00149318417423464,0.000145523835843636
13/01/2016,-0.0294371140195498,0.000194875314654248
14/01/2016,0.0126601394409894,0.000172190192570526
15/01/2016,0.00490592590805142,0.000196443835674837
19/01/2016,-0.010052834996391,0.000185683664694795
20/01/2016,0.00371575489708269,0.000336104710598346
21/01/2016,0.0014129428345971,0.000307818664693262
22/01/2016,0.00387252846499039,6.07283306341498e-05
25/01/2016,-0.0116355691822076,6.73169944069665e-05
26/01/2016,0.00942406092721756,9.98379466200323e-05
27/01/2016,-0.00753639845173031,0.000187557316374772
28/01/2016,-0.0046839133051714,0.000185850009321171
29/01/2016,0.0186424265139239,5.48528413490359e-05
01/02/2016,0.00576777318781804,9.23150919521604e-05
02/02/2016,-0.00971235573754949,6.31503868942728e-05
03/02/2016,-0.00124738674273669,0.000272586400837147
04/02/2016,0.00394791627096263,0.000194648489623644
05/02/2016,-0.0157082838777405,0.000130715903182016
08/02/2016,-0.00260201538995664,0.000184271183461507
09/02/2016,0.0110150329899312,0.000263748693087289
10/02/2016,-0.00512395563446497,0.000162479512673062
11/02/2016,0.00411759585039415,0.000210352736812757
12/02/2016,0.00864209179461614,5.73821462781517e-05
16/02/2016,0.00550279443746727,5.0874913501566e-05
17/02/2016,0.00877896437079843,3.25338612231964e-05
18/02/2016,-0.00649267383563214,5.07413424478137e-05
19/02/2016,0.00465797473549224,6.66913853409585e-05
22/02/2016,0.00490340322909318,2.72841624906614e-05
23/02/2016,-0.00818840819596774,4.33755004044797e-05
24/02/2016,0.0136192746289215,0.000105439315226722
25/02/2016,0.00919502377368199,6.47019275452794e-05
26/02/2016,-0.00725527182278719,4.73990011634741e-05
29/02/2016,-0.00828799109748174,5.29559087295356e-05
01/03/2016,0.0157205621722391,4.77664822012278e-05
02/03/2016,0.00621610385616645,4.41079464742403e-05
03/03/2016,0.00449394533803926,2.78115275003494e-05
04/03/2016,0.00116826415929592,4.57345554165967e-05
07/03/2016,0.0065622302330791,4.18724595903565e-05
08/03/2016,-0.00506126624539295,5.22592230387342e-05
09/03/2016,7.16337758570502e-06,4.43451281976892e-05
10/03/2016,-0.00243187537829337,0.00011002817577276
11/03/2016,0.00726548064804328,1.88588532511592e-05
14/03/2016,0.00178315223855322,2.02332395854283e-05
15/03/2016,0.00369576751499631,1.79679647116666e-05
16/03/2016,0.00923953062891103,8.16912745161994e-05
17/03/2016,0.00616447371854544,2.46678212198978e-05
18/03/2016,0.00164593031827277,2.2369849242006e-05
21/03/2016,0.00286799029471764,1.91889081844355e-05
22/03/2016,0.00411036207204988,2.2757664617599e-05
23/03/2016,-0.00453516710255199,2.03220624339669e-05
24/03/2016,0.00554680537336666,1.56015280316718e-05
28/03/2016,-0.00193844513687866,1.90208546834511e-05
29/03/2016,0.0117062695412211,2.92333579933569e-05
30/03/2016,-0.00127268334850813,2.00741695686177e-05
31/03/2016,-0.00202312432645663,1.5762202418441e-05
01/04/2016,0.012430179343057,2.86159964954495e-05
04/04/2016,-0.00317102113912076,1.86661697726017e-05
05/04/2016,-0.00266147177896678,3.20349395707728e-05
06/04/2016,0.0106152528581166,3.35447366120772e-05
07/04/2016,-0.00644536412175265,4.67566989258459e-05
08/04/2016,-0.00351709667071406,3.3574217364973e-05
11/04/2016,-0.00621102039355915,3.51193476466936e-05
12/04/2016,0.00773410407861077,3.97711058055494e-05
13/04/2016,0.00442268711982536,2.06283735783697e-05
14/04/2016,-0.000455383398256416,1.73769086824767e-05
15/04/2016,-0.000764741303091374,6.79343367570685e-06
18/04/2016,0.010100427570407,1.67165022414216e-05
19/04/2016,0.000698422195844412,1.98489710169885e-05
20/04/2016,0.00027276394627376,1.55083726544736e-05
21/04/2016,-0.00530797645938493,2.41892858514603e-05
22/04/2016,0.00171137438831544,2.53013573812194e-05
25/04/2016,0.00125178159316775,2.2668332687678e-05
26/04/2016,-0.000217450715333313,1.84810242541085e-05
27/04/2016,0.00423338845363115,3.97659713488707e-05
28/04/2016,-0.00449373506898376,3.41523714029461e-05
29/04/2016,-0.00218149673054234,5.77262476524834e-05
02/05/2016,0.00536543818220671,2.41823371662412e-05
03/05/2016,-0.00244460784736448,3.00567141763544e-05
04/05/2016,-0.000142275852805373,2.73465251968626e-05
05/05/2016,-0.00318440237324313,3.63866536525255e-05
06/05/2016,0.00813780364191557,4.06450151630284e-05
09/05/2016,0.00143027925713153,2.34859536120691e-05
10/05/2016,0.00826973034464719,1.19091659360532e-05
11/05/2016,-0.00638171327409345,1.98121487835988e-05
12/05/2016,-0.00345963228382888,4.27475480242595e-05
13/05/2016,-0.0074867694163924,3.72130171712185e-05
16/05/2016,0.00823557100181898,1.77866675350936e-05
17/05/2016,-0.00705120941473565,3.8161042085508e-05
18/05/2016,0.00258394879536642,9.93179754591885e-05
19/05/2016,0.000944321440712659,6.22195856847005e-05
20/05/2016,0.00197477028112687,1.54693541530589e-05
23/05/2016,-0.00140145310990578,1.16950054092924e-05
24/05/2016,0.0081789371565045,1.32435928373357e-05
25/05/2016,0.00241145548110538,1.42818111172141e-05
26/05/2016,-0.000503528476235246,1.26356301204183e-05
27/05/2016,0.00286319705193253,8.39345649641484e-06
31/05/2016,-0.00350325434706873,1.9397923384991e-05
01/06/2016,0.00511990143432484,1.63915672118276e-05
02/06/2016,0.00540897845310384,1.58431898608933e-05
03/06/2016,-0.000125962295660472,2.68032299587241e-05
06/06/2016,0.00235796505479303,1.58475590516681e-05
07/06/2016,0.000202747687535031,6.31153433826041e-06
08/06/2016,0.00226476275094766,9.07750631406646e-06
09/06/2016,0.00218360696016807,1.20880459817075e-05
10/06/2016,-0.00238123566824187,2.15556046467454e-05
13/06/2016,-0.00523581736645134,3.29194337443041e-05
14/06/2016,0.000302981898803621,4.1756506359458e-05
15/06/2016,-0.00417188758658419,2.7191835528279e-05
16/06/2016,0.0074009337044535,5.11654980200603e-05
17/06/2016,-0.00277154648107676,2.97416917331673e-05
20/06/2016,-0.00435255545865685,2.34610765088119e-05
21/06/2016,0.000191215925791549,2.45857946011127e-05
22/06/2016,-0.00308898960356905,2.71438037054063e-05
23/06/2016,0.00525746864533999,1.70247769932778e-05
24/06/2016,-0.00203142507590102,0.000168862445460036
27/06/2016,-0.0098372128116624,8.92372656501737e-05
28/06/2016,0.00790578274982279,4.35525876851303e-05
29/06/2016,0.00880566813628306,2.7217831111542e-05
30/06/2016,0.0101269019997277,3.64979189717178e-05
01/07/2016,0.00212553281661395,1.90430990428859e-05
05/07/2016,-0.00311043834313836,2.66698900157277e-05
06/07/2016,0.00853564501855969,4.6298667995465e-05
07/07/2016,-0.00157295855903013,3.01036228456648e-05
08/07/2016,0.00709674590745769,1.37256511659223e-05
11/07/2016,0.000662875250480157,1.50564503106429e-05
12/07/2016,0.00195738021461411,9.03205079484907e-06
13/07/2016,-0.00255321053805859,1.67023932947129e-05
14/07/2016,-0.00168506078095442,1.5468077236926e-05
15/07/2016,-0.00441680784707869,1.12290976078246e-05
18/07/2016,0.0018246278671872,7.69806762866916e-06
19/07/2016,0.00110120840682869,6.52145560975878e-06
20/07/2016,0.00123946527197533,7.78186850833946e-06
21/07/2016,-0.00312853872407935,1.07111896509789e-05
22/07/2016,0.00396150848840916,7.79372584007781e-06
25/07/2016,-0.00187408323943253,1.06397073772898e-05
26/07/2016,0.000842419125559764,2.30138704176606e-05
27/07/2016,-0.00301131468335837,2.46927753830707e-05
28/07/2016,0.0018416398944665,2.66672041169947e-05
29/07/2016,0.00309221618427671,2.00480152957959e-05
01/08/2016,-0.00142430659821727,2.37390701503433e-05
02/08/2016,-0.00487166946804003,2.72069709412544e-05
03/08/2016,0.0034793460516512,1.13763269088746e-05
04/08/2016,0.000586495131521287,1.22921272772408e-05
05/08/2016,0.00453682216124544,5.4045797776161e-06
08/08/2016,-0.00127594780691225,5.23576420536524e-06
09/08/2016,0.00013990243558743,6.28788806699041e-06
10/08/2016,-0.00317125390755034,1.23047231110611e-05
11/08/2016,0.00166224242961523,7.81308626850647e-06
12/08/2016,0.000300802149792562,6.66066726188809e-06
15/08/2016,0.000998074842371176,2.84176808947312e-06
16/08/2016,-0.00342268222862282,1.00773381328677e-05
17/08/2016,0.00139410620509174,1.71578942786015e-05
18/08/2016,0.00243499567351441,6.53496370423405e-06
19/08/2016,0.000971941199071807,9.42918062856906e-06
22/08/2016,0.0002717566665467,2.27779977098957e-05
23/08/2016,-0.000848167721003297,5.06736210947534e-06
24/08/2016,-0.00417109388973537,1.1469251796706e-05
25/08/2016,0.00141410737044936,1.62142626529855e-05
26/08/2016,-0.00277624350884638,3.66860381312851e-05
29/08/2016,0.00405775536619116,6.88182525094943e-06
30/08/2016,-0.00125609574532646,1.51935971427724e-05
31/08/2016,-0.00166063148474724,1.34026331737539e-05
01/09/2016,-3.16509361301199e-05,2.62521185328873e-05
02/09/2016,-5.55485491067148e-05,1.37908566470529e-05
06/09/2016,0.00159865562454848,1.20895499429282e-05
07/09/2016,0.000961006665207511,7.50401358382859e-06
08/09/2016,-0.000312425811896329,1.0051571110207e-05
09/09/2016,-0.0173048107831601,3.9207877961333e-05
12/09/2016,0.0185148242471659,6.04269380803014e-05
13/09/2016,-0.00827539292705891,8.5906594119617e-05
14/09/2016,-0.000552430716332387,5.18563857456054e-05
15/09/2016,0.0108089328458407,3.99574310431756e-05
16/09/2016,-0.000427522027948003,2.61793432261492e-05
19/09/2016,-0.00338841049400896,2.29834624369974e-05
20/09/2016,-0.00479376177127206,2.25282675185171e-05
21/09/2016,0.00729501088754547,3.07173182948226e-05
22/09/2016,0.00065136127142772,1.83566099319068e-05
23/09/2016,-0.00281425237273356,1.35868254902513e-05
26/09/2016,-0.00367328438886184,1.68349563954225e-05
27/09/2016,0.00750799608747312,2.42434498680687e-05
28/09/2016,0.00407795165023564,2.47394065942151e-05
29/09/2016,-0.00817731116798086,5.18763209443145e-05
30/09/2016,0.00319902142256012,2.37279338547484e-05
03/10/2016,-0.000715964867264315,1.88491299133238e-05
04/10/2016,-0.00593909839341946,4.78581674247607e-05
05/10/2016,0.00140463982496943,1.23944995154915e-05
06/10/2016,0.00188487594305791,1.75998642235074e-05
07/10/2016,-0.00492738429228191,2.98046195811157e-05
10/10/2016,0.000318264353875834,5.18919975894245e-06
11/10/2016,-0.0101408495565256,3.27089555628507e-05
12/10/2016,0.00073024543493815,2.09547545201645e-05
13/10/2016,0.00414746104808783,3.33522893411358e-05
14/10/2016,-0.00469204675966314,2.5103043798053e-05
17/10/2016,-0.00282170733884247,1.77220973325245e-05
18/10/2016,-0.00274777172873918,1.19210470797877e-05
19/10/2016,0.0010048699565579,8.1765189886551e-06
20/10/2016,-0.000195515421946374,3.33223317160201e-05
21/10/2016,0.00494640267851853,1.0334092067009e-05
24/10/2016,-0.000644058453273711,7.75560788810991e-06
25/10/2016,-0.00196500081068436,1.0070497290288e-05
26/10/2016,0.00247820631506973,2.03173451038539e-05
27/10/2016,-0.0069464569662993,2.41887000354641e-05
28/10/2016,-0.00301639938951563,6.60822918921093e-05
31/10/2016,-0.00185652309572192,1.67476858167746e-05
01/11/2016,-0.00869448478498745,3.62696787580437e-05
02/11/2016,-0.00395613495893995,4.76057715654571e-05
03/11/2016,-0.00571963041510958,1.86110083863195e-05
04/11/2016,-0.00210753088781051,2.87693678528813e-05
07/11/2016,0.00798388092637728,1.5946683748899e-05
08/11/2016,0.00680604816524834,2.95263849059887e-05
09/11/2016,0.0188406179405108,0.000144919381741174
10/11/2016,-0.00197223645868343,0.000102255507421516
11/11/2016,0.00192545948245853,3.32788238153844e-05
14/11/2016,-0.00194576072384481,2.90054368139923e-05
15/11/2016,0.00554342965791776,1.21954808016947e-05
16/11/2016,0.00103244436142971,1.31823067715518e-05
17/11/2016,0.0037170577355501,8.18887077528887e-06
18/11/2016,-0.00269966745366231,9.66342640906956e-06
21/11/2016,0.00430579245633475,6.53615018829007e-06
22/11/2016,-0.000267362497928957,8.66441914848107e-06
23/11/2016,0.00327630024006547,8.32287482372365e-06
28/11/2016,-0.00275389498125205,1.02193798295367e-05
29/11/2016,0.00115368679774036,9.85433733967232e-06
30/11/2016,-0.00591667563586648,2.16441142544744e-05
01/12/2016,-0.00611571603283621,2.42346587896041e-05
02/12/2016,6.31009546930702e-05,1.51518504883483e-05
05/12/2016,0.00154290769265253,9.24045167639429e-06
06/12/2016,0.00183910438704606,9.78263386788295e-06
07/12/2016,0.0135473532281089,2.22868273740041e-05
08/12/2016,0.00279897338133076,1.74870188830618e-05
09/12/2016,0.00492649872841334,9.28248309301852e-06
12/12/2016,-0.000738255140145569,1.51624777454517e-05
13/12/2016,0.00273031427050985,1.48082812768921e-05
14/12/2016,-0.00698392520468597,7.4419883116934e-05
15/12/2016,0.00284500348205078,2.770003349304e-05
16/12/2016,-0.00392790391357205,2.14244159665133e-05
19/12/2016,0.00143091903026129,1.05427561589136e-05
20/12/2016,0.000633067566739008,7.78363878443316e-06
21/12/2016,-0.0022150387716387,4.33560302768533e-06
22/12/2016,-0.000558875580413147,6.32501441930773e-06
23/12/2016,0.000761859375851413,2.90515516604524e-06
27/12/2016,0.00100338021306782,5.45596453255903e-06
28/12/2016,-0.00903302138406816,1.33215406899808e-05
29/12/2016,-0.000463241047527238,1.09612799677356e-05
30/12/2016,-0.00543438715664307,2.68769323139152e-05
03/01/2017,0.000819291554091234,3.08655878602756e-05
04/01/2017,0.00425815025184925,1.41408415483262e-05
05/01/2017,0.000265682528377787,1.24190835162894e-05
06/01/2017,0.0026319757251087,1.44594807561434e-05
09/01/2017,-0.00204276378471958,8.29569686701242e-06
10/01/2017,-0.000258422766409391,1.31770117556999e-05
11/01/2017,0.00316516140610966,3.11974066991398e-05
12/01/2017,0.00062967188639521,2.23860723937689e-05
13/01/2017,0.00134567835724386,8.31571468483589e-06
17/01/2017,-4.62160658812605e-05,8.97942173214948e-06
18/01/2017,0.00102963443340941,1.17635850252315e-05
19/01/2017,-0.00398142328195815,1.55477279940801e-05
20/01/2017,-0.000357507117444189,1.98207651103602e-05
23/01/2017,-0.000658207645939476,1.98994972133503e-05
24/01/2017,0.00487283681655922,8.28113424896771e-06
25/01/2017,0.0036691196056585,9.20377516497715e-06
26/01/2017,-0.000161263987600223,9.95816917431584e-06
27/01/2017,-0.00181269211297088,6.38880896610567e-06
30/01/2017,-0.00275018153139995,2.02577105623385e-05
31/01/2017,0.00268128255577874,1.7922667902335e-05
01/02/2017,-0.00292985703863135,2.0833976375017e-05
02/02/2017,0.00251524696126362,1.61047866826728e-05
03/02/2017,0.00280029691215937,9.17901675426042e-06
06/02/2017,0.00058125729823123,7.18387429880469e-06
07/02/2017,-0.00167024146894,8.00678747318901e-06
08/02/2017,0.00302646916315358,1.15864260217153e-05
09/02/2017,0.00420419657899549,6.48449106492115e-06
10/02/2017,0.00168393705092836,5.02218572671436e-06
13/02/2017,0.00285459493748297,5.02108748002876e-06
14/02/2017,0.00518335830453031,1.13588003579381e-05
15/02/2017,0.0061980637374991,1.0010848978459e-05
16/02/2017,-0.00116220306709601,2.52927926719178e-05
17/02/2017,0.00491922639528763,7.44727644850998e-06
21/02/2017,0.00365716715941999,1.1630500091371e-05
22/02/2017,0.00106335298971613,6.99534293369456e-06
23/02/2017,-0.00184852590184726,1.14849528475358e-05
24/02/2017,0.00602744551829382,1.16321244836036e-05
27/02/2017,0.00162325986514171,8.42391933622159e-06
28/02/2017,-0.000678935837098848,8.94136141274959e-06
01/03/2017,0.0055567374204923,1.38423197067039e-05
02/03/2017,-0.00512204865599453,1.46559719615306e-05
03/03/2017,0.00135340214610351,1.12750291426173e-05
06/03/2017,0.00117700192754917,8.56732353645065e-06
07/03/2017,-0.00113959776802819,9.69576927921177e-06
08/03/2017,-0.00294418143897366,1.20339973640002e-05
09/03/2017,0.000212317045303855,1.32781616075457e-05
10/03/2017,-0.00115878317938544,1.47193501440866e-05
13/03/2017,0.000872355766921042,5.48285052250678e-06
14/03/2017,-0.000944200519425941,1.40142612980757e-05
15/03/2017,0.00531588268769131,2.15129156527738e-05
16/03/2017,-0.00222487243956196,1.11405556945923e-05
17/03/2017,-0.00301291740320793,7.58907287010525e-06
20/03/2017,-0.00112725512109217,1.06770085094173e-05
21/03/2017,-0.0111089956314831,5.97156730198199e-05
22/03/2017,0.00246948311386616,3.08592604506508e-05
23/03/2017,-0.000120988319102133,2.82570892460395e-05
24/03/2017,-0.00223734963340639,2.83587310684287e-05
27/03/2017,0.000994923382694408,6.69174115097829e-05
28/03/2017,0.00810341701923977,2.38751772676772e-05
29/03/2017,0.00270654199824621,1.12888535138541e-05
30/03/2017,0.00315823733617392,9.67143256069633e-06
31/03/2017,-0.000650362050571655,1.24203780813011e-05
03/04/2017,-0.00168980819402953,2.30891867797426e-05
04/04/2017,0.00228984045339855,1.36524809751576e-05
05/04/2017,-0.00656294980662591,4.12745209065336e-05
06/04/2017,0.00248334595554934,2.62488322778089e-05
07/04/2017,-0.000469765778518831,2.12284880714809e-05
10/04/2017,-0.000166938707171272,2.2751537832264e-05
11/04/2017,0.000505845511549357,3.18415187626048e-05
12/04/2017,-0.0016350746136491,2.35234274663997e-05
13/04/2017,-0.00494987667068934,2.57126231746646e-05
17/04/2017,0.006107338313863,1.15277514709598e-05
18/04/2017,0.000711582594177112,1.95434955754232e-05
19/04/2017,-0.00460098686495838,1.18880798767075e-05
20/04/2017,0.00473512245705738,1.12962382231446e-05
21/04/2017,-0.00287694419015902,1.5297954377765e-05
24/04/2017,3.2323062626874e-05,7.48574098032242e-06
25/04/2017,0.00233767092843238,7.02280786137239e-06
26/04/2017,-0.000670899054101252,2.46754045930283e-05
27/04/2017,-0.000819913068789952,1.21318900516841e-05
28/04/2017,-0.00297344042913556,7.89750389802544e-06
01/05/2017,-0.000150734594457689,8.4193810993957e-06
02/05/2017,-0.000682013598780706,5.59357572061803e-06
03/05/2017,0.000872466037968867,8.29589897821722e-06
04/05/2017,-0.000318579856699001,1.44344993115027e-05
05/05/2017,0.00178352331800649,5.67614294334564e-06
08/05/2017,0.000120871958446081,6.90286669785397e-06
09/05/2017,-0.00210897165163553,6.44107714385146e-06
10/05/2017,0.00183252643302051,3.93227556117195e-06
11/05/2017,0.000617034884306288,1.10619968965343e-05
12/05/2017,-0.000345980196059283,4.56595412182073e-06
15/05/2017,0.00307463936566111,5.24186904248675e-06
16/05/2017,-0.00229722829667916,8.29251840315625e-06
17/05/2017,-0.00944414483782247,3.46170617549269e-05
18/05/2017,0.00375850917035817,4.44148489445617e-05
19/05/2017,0.00360497695468852,1.35133227505758e-05
22/05/2017,0.00271604631053464,6.70915746817866e-06
23/05/2017,0.00021945907853206,5.6991335091484e-06
24/05/2017,0.00167409944864712,5.11487524117245e-06
25/05/2017,0.00201609923767325,9.09340095447773e-06
26/05/2017,0.00127002128158181,3.69293431048112e-06
30/05/2017,0.000244873593735661,4.23856352613101e-06
31/05/2017,-0.00170178314841896,1.4910833092456e-05
01/06/2017,0.00541443324317613,8.48028189965441e-06
02/06/2017,0.00323827268091205,7.61909751265462e-06
05/06/2017,0.000322633563436436,3.57615701328684e-06
06/06/2017,-0.000851660967441626,7.40168588374086e-06
07/06/2017,0.000569763567753087,8.54283610523871e-06
08/06/2017,-0.000178992742971298,1.19191804553134e-05
09/06/2017,-0.00291651556526122,3.49047886045288e-05
12/06/2017,0.000582037074411951,1.82412675632095e-05
13/06/2017,0.00266807412188895,8.00539693735588e-06
14/06/2017,-0.0023709578221688,1.97685212708099e-05
15/06/2017,0.00519298410645403,1.86601683180006e-05
16/06/2017,-0.00067573107419366,1.39515379231143e-05
19/06/2017,0.00410466781572422,6.4600683428472e-06
20/06/2017,-0.00491670868622908,9.12337418818194e-06
21/06/2017,-0.00194160808708596,1.35397374398336e-05
22/06/2017,-0.000706977012008148,7.62361493373576e-06
23/06/2017,0.00114760526640535,8.8972684535427e-06
26/06/2017,-0.002634364562845,1.24347445558745e-05
27/06/2017,-0.007163355525828,2.09889426892002e-05
28/06/2017,0.0037273444343814,1.58873655068948e-05
29/06/2017,-0.00938362089125875,4.75319443215661e-05
30/06/2017,-0.0021955394240958,2.03232116094664e-05
05/07/2017,3.99038589344055e-05,1.21348355885784e-05
06/07/2017,-0.00503925383258346,2.08866983381797e-05
07/07/2017,0.00415994503924727,8.12600561431771e-06
10/07/2017,0.0015872855528959,6.89375723504481e-06
11/07/2017,-0.000289288403207847,1.96711984852997e-05
12/07/2017,0.00284342538996562,8.38915884317932e-06
13/07/2017,0.00275442125987819,6.22802075477135e-06
14/07/2017,0.00411090789203809,4.89205111919475e-06
17/07/2017,0.000180950029336421,3.14258270795757e-06
18/07/2017,0.00276580320961514,7.32803289569893e-06
19/07/2017,0.00343201833610041,3.72765774622933e-06
20/07/2017,-0.000478576045511485,8.8645039174489e-06
21/07/2017,0.00175261571604994,4.81360238899246e-06
24/07/2017,7.69292883910451e-05,3.57142047165169e-06
25/07/2017,-0.00132425937133842,4.62553728089293e-06
26/07/2017,-0.000550365691100369,6.25413922436044e-06
27/07/2017,-0.00326826971199168,2.55369459961311e-05
28/07/2017,0.000927699586318727,8.75386445164207e-06
31/07/2017,-0.0025444568954093,7.20603304887727e-06
01/08/2017,-0.000205870046237219,7.29269214240118e-06
02/08/2017,-0.000673020971515771,1.15599515912581e-05
03/08/2017,-0.00122358678402157,6.50244004875718e-06
04/08/2017,-0.000682681614036441,8.15946851896195e-06
07/08/2017,0.00150699062152861,2.16379616614743e-06
08/08/2017,-0.000958840849670939,1.08792232535046e-05
09/08/2017,0.00327736956044316,1.77373239556362e-05
10/08/2017,-0.010071033687355,3.14705043156059e-05
11/08/2017,0.000279990471516464,1.87033992796866e-05
14/08/2017,0.00427908230425997,8.07844733024322e-06
15/08/2017,-0.00181442283742152,8.50956804663403e-06
16/08/2017,-0.000679638992558106,8.76559756407055e-06
17/08/2017,-0.0131623877537965,3.39230532896801e-05
18/08/2017,-0.000730219699554551,2.97418593357095e-05
21/08/2017,0.00145425608651657,1.51137210139781e-05
22/08/2017,0.00735190390351275,1.04047660028239e-05
23/08/2017,0.000500787292742624,1.06964924930132e-05
24/08/2017,-0.00375789450551016,1.66062540847052e-05
25/08/2017,-0.0011752395672387,1.08186346807897e-05
28/08/2017,-0.00269872157897077,8.32345670380833e-06
29/08/2017,0.00739455461625813,1.3290068485061e-05
30/08/2017,0.00435192496085905,8.23431557204158e-06
31/08/2017,0.00293551823651717,7.02363688947101e-06
01/09/2017,-0.000624139677270274,5.82802952962241e-06
05/09/2017,-0.00482086682941744,3.69268346354137e-05
06/09/2017,0.000497415469391151,7.54946140462827e-06
07/09/2017,-0.00124949354057208,1.18873579723338e-05
08/09/2017,4.63798256154809e-05,6.84794817177659e-06
11/09/2017,0.00422848855466578,5.91655511876807e-06
12/09/2017,0.00183655902353744,4.19213138466657e-06
13/09/2017,0.0019455699314812,4.01509872584792e-06
14/09/2017,0.00140404820855287,3.45176937042198e-06
15/09/2017,0.0021877726402869,3.56234789051179e-06
18/09/2017,0.000165316616554135,5.26469886227936e-06
19/09/2017,-0.000380566211479981,4.2926676486371e-06
20/09/2017,0.000162251369747919,9.27584586176175e-06
21/09/2017,-0.00190565707330278,7.83522480604863e-06
22/09/2017,0.00113865853613874,3.1919867675037e-06
25/09/2017,-0.000985726911430669,1.44954429822128e-05
26/09/2017,-0.00149109139616218,6.42364340997265e-06
27/09/2017,0.000577915983045146,8.73180254455059e-06
28/09/2017,0.00281962552580109,4.83755129277131e-06
29/09/2017,0.00315930952968403,5.02830298180436e-06
02/10/2017,0.00276347172914582,5.79658582580726e-06
03/10/2017,0.00139756703643762,3.71275260272083e-06
04/10/2017,0.00213501600338963,4.76853890693557e-06
05/10/2017,0.00433719513322491,4.20914870821024e-06
06/10/2017,0.000811309596061487,4.69286170748663e-06
09/10/2017,-0.0026813796693335,4.54663420712332e-06
10/10/2017,5.30378940511506e-05,7.62675789699882e-06
11/10/2017,0.00188750285043135,3.11913052785233e-06
12/10/2017,-0.000725582754571933,4.0055099468694e-06
13/10/2017,-0.00105363869589337,3.35575561911764e-06
16/10/2017,0.000259606253156392,2.85077446559345e-06
17/10/2017,0.000844368427093301,2.6743191337634e-06
18/10/2017,-0.000580210022114689,3.06751232253169e-06
19/10/2017,0.00349034053620272,6.01825646389334e-06
20/10/2017,0.0015304167156933,4.7300593602984e-06
23/10/2017,-0.00520684430995991,5.42284499034587e-06
24/10/2017,-0.00039022650244513,6.75368949430304e-06
25/10/2017,-0.00312028890162723,2.28060880906252e-05
26/10/2017,-0.00168659855316078,1.13477917615377e-05
27/10/2017,0.00470087348302573,1.23971935113582e-05
30/10/2017,-0.00109844086916183,1.0856269964677e-05
31/10/2017,-0.000322679325474349,4.47881506542014e-06
01/11/2017,-0.00255232503989827,9.90699659606494e-06
02/11/2017,0.000737622994040006,1.61128921315718e-05
03/11/2017,0.00233378633533005,4.3452226938539e-06
06/11/2017,0.00192677852961471,2.99095143082614e-06
07/11/2017,-0.000940428617765883,8.56309599461315e-06
08/11/2017,0.00256655651638219,5.99864986509856e-06
09/11/2017,0.00192928968489302,2.67694414950037e-05
10/11/2017,0.00118584433089212,6.89243615563817e-06
13/11/2017,0.00386701720232246,5.0555738024918e-06
14/11/2017,0.00152275712126497,2.03568327931653e-05
15/11/2017,-0.000702167770055505,2.00756205380691e-05
16/11/2017,0.00428647853234766,6.37012628380268e-06
17/11/2017,-0.00109864845697043,5.37595185473458e-06
20/11/2017,0.000266218816741945,4.73471851037308e-06
21/11/2017,0.00294181685292752,3.46775295687929e-06
22/11/2017,-0.00138111553661117,3.01403308645913e-06
27/11/2017,-0.00059337966901477,4.68517539700222e-06
28/11/2017,0.00816311774940842,1.13558922556696e-05
29/11/2017,-0.00127822528324957,1.58593434934486e-05
30/11/2017,0.00398102739136114,2.53998012561513e-05
01/12/2017,-0.00113401006969327,8.75282582523436e-05
04/12/2017,-0.00835531276829173,2.22817335869729e-05
05/12/2017,-0.00463056614010168,1.61454309589815e-05
06/12/2017,0.0010855428406571,1.37067316655337e-05
07/12/2017,0.00357358702560251,8.50696608328875e-06
08/12/2017,0.00175048580967339,8.02932798307683e-06
11/12/2017,0.00262501325146139,6.21069945516487e-06
12/12/2017,0.000574535636739306,6.28025253235396e-06
13/12/2017,-0.00137706202692498,1.32892351544445e-05
14/12/2017,-0.00565771312079173,1.13928964876411e-05
15/12/2017,0.00362196417590797,1.17462585008205e-05
18/12/2017,0.000375926955780317,4.28657313243957e-06
19/12/2017,-0.00482199192760234,9.53127945846408e-06
20/12/2017,-0.00474260277049294,1.48695963941408e-05
21/12/2017,-0.000837196557501162,6.79384678772932e-06
22/12/2017,-0.000281156291503395,4.8682964106009e-06
26/12/2017,0.00055144120255683,3.23697727254901e-06
27/12/2017,-0.000621254156529405,2.96067784305025e-06
28/12/2017,0.000108478992257339,2.28398039369235e-06
29/12/2017,-0.00619901730654699,9.36751386361248e-06
02/01/2018,0.00324605358985898,8.61220907974743e-06
03/01/2018,0.00548260283601966,5.96202488707803e-06
04/01/2018,0.00135870864774185,7.15755100399637e-06
05/01/2018,0.00326993744889285,9.25495137753112e-06
08/01/2018,0.00200864503712059,5.85596443256329e-06
09/01/2018,0.00048031613787636,1.09556223674199e-05
10/01/2018,0.00143821390598744,1.13754104685574e-05
11/01/2018,0.00456840418575068,8.18103127127333e-06
12/01/2018,0.00503626586537902,1.05635277266814e-05
16/01/2018,-0.00883405845263706,3.28155748871852e-05
17/01/2018,0.00534284548958594,1.89062688232982e-05
18/01/2018,-0.000785553852205836,2.31789338203861e-05
19/01/2018,0.00209024736968819,1.24851556183777e-05
22/01/2018,0.00877217683677241,1.31075198037217e-05
23/01/2018,0.00145031523786046,1.17837459995969e-05
24/01/2018,-0.00272388345593509,3.99554140572105e-05
25/01/2018,-0.00354708234275915,3.02299057474894e-05
26/01/2018,0.00780755501392449,1.01489260740436e-05
29/01/2018,-0.00456351293985114,2.45596659852012e-05
30/01/2018,-0.00314151976233998,3.84814670061833e-05
31/01/2018,-0.00257514728203416,3.22471189368836e-05
01/02/2018,0.0019775936914438,3.39075118723326e-05
02/02/2018,-0.0159835912400624,7.0865142159391e-05
05/02/2018,-0.0344311231920022,0.000437898964415063
06/02/2018,0.0334885539778358,0.000732270967464516
07/02/2018,-0.00358851135827682,0.000203032311218046
08/02/2018,-0.0381707746470002,0.000367665308812277
09/02/2018,0.00347500239969821,0.000639161481631544
12/02/2018,0.00443935689528739,0.000156638850599581
13/02/2018,0.00738590650288954,7.20614563512271e-05
14/02/2018,0.0200800246645532,0.000115287373239146
15/02/2018,0.0047096563056701,8.06411900576411e-05
16/02/2018,0.00251681995889983,8.03954100754571e-05
20/02/2018,-0.00199064393923646,6.06731211617974e-05
21/02/2018,-0.00723954243063186,7.89952454277688e-05
22/02/2018,-0.00260661018174898,9.67770321990807e-05
23/02/2018,0.0105584959943661,3.93551714299433e-05
26/02/2018,0.00698413872757723,3.20062010999208e-05
27/02/2018,-0.0137531429343277,8.71881036839234e-05
28/02/2018,-0.0157513620986001,7.97622964006241e-05
01/03/2018,-0.0132849829684817,0.000237573190457664
02/03/2018,0.012520002450877,0.000126513066099052
05/03/2018,0.016361854666196,6.54617931936686e-05
06/03/2018,-0.00144800525854875,4.78912479819192e-05
07/03/2018,0.0094357058165417,6.08109397457181e-05
08/03/2018,0.00147022336622714,4.3324616467865e-05
09/03/2018,0.0113058962724022,1.71127651081616e-05
12/03/2018,-0.00247017958535391,3.07840391348955e-05
13/03/2018,-0.0114758593931482,5.10206207711988e-05
14/03/2018,-0.00944564388556688,6.96140626000022e-05
15/03/2018,-0.00305958595485231,3.28488993015523e-05
16/03/2018,-0.000996923112580952,1.97868177124587e-05
19/03/2018,-0.0101184682723802,6.54382201936314e-05
20/03/2018,0.000297844570409859,3.39038289046465e-05
21/03/2018,-0.00208714262945222,6.67236704374225e-05
22/03/2018,-0.015628313204312,0.000110017235171039
23/03/2018,-0.0237732776558934,0.000153885646522986
26/03/2018,0.0111565689154767,0.000111472851735795
27/03/2018,-0.0215442472402509,0.000178739817699686
28/03/2018,-0.00339391928748286,0.000273001486058037
29/03/2018,0.00883099097114343,9.48849771231397e-05
02/04/2018,-0.0191005060474443,0.000177907001581276
03/04/2018,0.00771829672543615,0.000186138188088599
04/04/2018,0.027916855830982,0.000139102316902612
05/04/2018,0.000219929178160215,8.40685720815455e-05
06/04/2018,-0.0137804782127444,0.000146037946988107
09/04/2018,-0.00218219966824426,7.4487139923498e-05
10/04/2018,0.00269382063061555,0.000112520902958138
11/04/2018,0.00134568691952572,7.72120716191533e-05
12/04/2018,0.00294494777032781,5.04242804958728e-05
13/04/2018,-0.00793647203099565,6.69633473722709e-05
16/04/2018,0.0010692854841104,3.8107906168233e-05
17/04/2018,0.00247735247494643,1.66910693367062e-05
18/04/2018,-0.00120854383152917,2.2181735601635e-05
19/04/2018,-0.00222231842566039,3.7387606671524e-05
20/04/2018,-0.00777692570340379,5.29703177134122e-05
23/04/2018,-0.00242395017529284,3.67809520988958e-05
24/04/2018,-0.0174657655260761,0.000142440235286565
25/04/2018,0.0020410512198781,9.98427409765727e-05
26/04/2018,0.00538131685440479,3.912942098086e-05
27/04/2018,-0.0014144982504204,3.46001460338729e-05
30/04/2018,-0.00994550105235846,4.6566914474533e-05
01/05/2018,0.00388739811655997,4.59919899003097e-05
02/05/2018,-0.0063063524696982,4.48267316464186e-05
03/05/2018,0.000885297483697682,0.000101563570160604
04/05/2018,0.01655788904563,4.3133882781868e-05
07/05/2018,-1.0524856886904e-05,2.63582374949556e-05
08/05/2018,0.0021455440980027,4.66594870634444e-05
09/05/2018,0.0067039618133904,2.92046976432402e-05
10/05/2018,0.00609605693667379,1.90664352555376e-05
11/05/2018,0.002332161870074,2.13262667882943e-05
14/05/2018,-0.001556172680792,1.65704475136725e-05
15/05/2018,-0.0022568137566698,4.03155885359306e-05
16/05/2018,0.00375836244820253,1.87433394388624e-05
17/05/2018,0.00020244078720123,2.04096412320606e-05
18/05/2018,-0.00123076376756105,2.20212713868901e-05
21/05/2018,0.00104970651729692,1.90828000853576e-05
22/05/2018,-0.00542684521974066,1.36758003931952e-05
23/05/2018,0.00821918121820203,2.89308901151532e-05
24/05/2018,-5.71701389557352e-06,3.37691903047131e-05
25/05/2018,0.000485399901473977,1.52536704583454e-05
29/05/2018,-0.00473533618943958,5.76897164536756e-05
30/05/2018,0.00748623279111202,2.17201498310476e-05
31/05/2018,-0.00527999048828917,4.24927260963597e-05
01/06/2018,0.00476183045020685,1.78080631118251e-05
04/06/2018,0.000982002942684715,8.84235315411585e-06
05/06/2018,3.09801746593398e-05,1.76966435486933e-05
06/06/2018,0.00579600608866081,1.48824866446734e-05
07/06/2018,-0.0023632726041861,3.07284369562724e-05
08/06/2018,0.00434213244669953,1.34634278488238e-05
11/06/2018,0.00037664215063683,8.92226832604905e-06
12/06/2018,-0.000145697699541896,8.41429981027959e-06
13/06/2018,-0.00462229359621865,1.67372983593544e-05
14/06/2018,-0.000996465301568671,1.15746275431645e-05
15/06/2018,0.00208928218464396,2.26631121570484e-05
18/06/2018,0.00378533958958109,1.65829960893422e-05
19/06/2018,0.00519374486640465,2.60903451871475e-05
20/06/2018,-0.001128138469317,8.23550507017738e-06
21/06/2018,-0.00630105823677368,3.12233110782953e-05
22/06/2018,-0.00319088023958257,1.54935917113667e-05
25/06/2018,-0.00868183316085993,8.48086611101054e-05
26/06/2018,-0.000253610030431363,2.93410448782338e-05
27/06/2018,-0.0108968569143199,7.35055207490039e-05
28/06/2018,0.00613037459854347,5.9520294004388e-05
29/06/2018,-0.00330996071986884,2.47712525217807e-05
02/07/2018,0.00925683574754307,3.72120033633679e-05
05/07/2018,0.00331615899600018,2.86216999841547e-05
06/07/2018,0.0083319022192897,2.20809762250783e-05
09/07/2018,0.00473512628773214,9.1919157796006e-06
10/07/2018,0.00150953264162562,1.26898432893011e-05
11/07/2018,-0.000567577155545261,1.99703669348681e-05
12/07/2018,0.00370586224781439,1.59036400448813e-05
13/07/2018,0.00132082398127035,9.43472332924345e-06
16/07/2018,-0.00122914828729989,9.56184290382078e-06
17/07/2018,0.0071409177788483,1.27462190167585e-05
18/07/2018,0.00168214248747601,6.25664158862318e-06
19/07/2018,-0.000991679309558524,1.64698861702806e-05
20/07/2018,-0.000380989414240811,8.0766544735983e-06
23/07/2018,0.00247078682691756,6.69317022538047e-06
24/07/2018,-0.000821207492663478,2.10397668019218e-05
25/07/2018,0.0102711466387799,2.05630064665516e-05
26/07/2018,0.000402035505847319,1.1651004543959e-05
27/07/2018,-0.0079229977736208,3.03016810694177e-05
30/07/2018,-0.00554620099930744,2.69258415085081e-05
31/07/2018,0.00125856857041184,1.45574119758125e-05
01/08/2018,-0.00264333483157502,1.22077661191255e-05
02/08/2018,0.0106395558359097,1.41588728295755e-05
03/08/2018,0.00395292166943765,9.26790234235823e-06
06/08/2018,0.00329257336208778,6.55575800796574e-06
07/08/2018,0.000421463780166973,8.90396927880493e-06
08/08/2018,0.000212632828748895,8.11002368340823e-06
09/08/2018,-0.00168527848023823,7.22945502304566e-06
10/08/2018,-0.00146765222056337,2.43716090216333e-05
13/08/2018,-0.00492405397118634,2.46580966519603e-05
14/08/2018,0.00302032256487877,1.61687831222024e-05
15/08/2018,-0.00215565438716896,4.07427669464952e-05
16/08/2018,0.00265400587299298,1.2926836831854e-05
17/08/2018,0.00416793621081305,1.85281909183951e-05
20/08/2018,0.0002019466632688,7.59248022192735e-06
21/08/2018,-0.000168656522465749,6.98222412909466e-06
22/08/2018,0.00109681425274115,1.02815474183439e-05
23/08/2018,-0.00091755763924752,1.34311012049549e-05
24/08/2018,0.00373242396194268,7.9859703349726e-06
27/08/2018,0.00274459940787505,6.57685018205321e-06
28/08/2018,-0.00125554716108535,9.04013349191403e-06
29/08/2018,0.00438443705795635,7.1629051351155e-06
30/08/2018,-0.00258451047925794,2.0120044652324e-05
31/08/2018,0.00107970769565203,1.7164052932263e-05
04/09/2018,-0.000359913882183387,2.21909875597847e-05
05/09/2018,-0.00125024399334405,3.41196370829262e-05
06/09/2018,-0.00344309167211899,3.44918205220324e-05
07/09/2018,0.00193249140670896,3.7618443047654e-05
10/09/2018,-0.00225179692649465,1.11433788755673e-05
11/09/2018,0.00608056387432272,1.35724214525042e-05
12/09/2018,0.000110721971735516,2.33965357832281e-05
13/09/2018,0.00135549706352871,1.13468060995853e-05
14/09/2018,-0.000429045111458896,1.24255745000356e-05
17/09/2018,-0.00516419872822216,9.23731081909627e-06
18/09/2018,0.0043025823088914,1.29890646505893e-05
19/09/2018,0.00110316361606236,1.12389913788928e-05
20/09/2018,0.00282154639068371,6.81099682677499e-06
21/09/2018,-0.00357761326437435,6.96804780281939e-06
24/09/2018,-0.00114631042688845,1.19885408991928e-05
25/09/2018,-0.00273199973566333,8.97340456176084e-06
26/09/2018,-0.00382234112094994,2.05600063694328e-05
27/09/2018,0.000989302860792781,9.78514630765406e-06
28/09/2018,0.00225537885725639,1.26317218515768e-05
01/10/2018,-0.0016666901508843,1.06954230669422e-05
02/10/2018,-9.29782691855086e-05,1.60552171727837e-05
03/10/2018,-0.00350878625577055,1.3492569159953e-05
04/10/2018,-0.0052107553886911,4.3118541897497e-05
05/10/2018,-0.00593175192141112,4.30056948097197e-05
08/10/2018,0.00254317573428066,4.41560540701777e-05
09/10/2018,5.17769858236549e-05,4.35017144986416e-05
10/10/2018,-0.0306764178513603,0.00015115827012036
11/10/2018,-0.0174878236841251,0.000386340057204621
12/10/2018,-0.00218516661219551,0.000210211904421462
15/10/2018,-0.00442034385153735,7.66401960203658e-05
16/10/2018,0.013255052228351,4.54554051955334e-05
17/10/2018,-0.00067304930301916,0.000105114212324621
18/10/2018,-0.0101156326897692,0.0001217448238427
19/10/2018,-0.00347476100024129,9.02271456845763e-05
22/10/2018,-0.00719631172280065,8.58823820106822e-05
23/10/2018,0.0089657879738188,0.00012669245473383
24/10/2018,-0.0295663236878267,0.000182743826792318
25/10/2018,0.0101506084116373,0.000109577075202335
26/10/2018,-0.00141683089423494,0.000306809838628193
29/10/2018,-0.0185055798530191,0.000277464574418815
30/10/2018,0.0157847990124267,0.000240317738339346
31/10/2018,9.75012180776643e-05,7.89654962390674e-05
01/11/2018,0.00687203107863877,6.63598135282231e-05
02/11/2018,-0.0102853657589486,0.0001625213405086
05/11/2018,0.00389239648963635,3.10243434806255e-05
06/11/2018,0.00610373889439518,3.7823067161453e-05
07/11/2018,0.0114403606023148,3.18779264745366e-05
08/11/2018,0.00118953345996495,4.50763710919779e-05
09/11/2018,-0.00445279019495001,5.59318546602965e-05
12/11/2018,-0.0172302943429411,9.26876779180974e-05
13/11/2018,-0.00376579794582634,0.000166413373267549
14/11/2018,-0.013993506810609,0.000125165248862843
15/11/2018,0.0156674286505367,0.000183183169305653
16/11/2018,0.00659180446826637,8.42735124962177e-05
19/11/2018,-0.0138533843100021,0.000120434028319755
20/11/2018,-0.00390588048238067,0.000183967799833639
21/11/2018,-0.00287055121109539,3.76086690491264e-05
26/11/2018,0.00649002464407336,4.27525874591458e-05
27/11/2018,0.00740790315619446,6.12395782985836e-05
28/11/2018,0.0178180742094059,8.98124552607878e-05
29/11/2018,0.000989308452062892,4.55288202229294e-05
30/11/2018,0.00685537134508685,2.33323238786223e-05
03/12/2018,-0.00390518140235554,5.71685271602569e-05
04/12/2018,-0.0282310875724899,0.000142652629675898
06/12/2018,0.0145880893201494,0.000234663879430373
07/12/2018,-0.0216804520318403,0.000253376756673735
10/12/2018,0.00286443660449512,0.000306152841936424
11/12/2018,-0.0132182033676651,0.000156948270745267
12/12/2018,-0.0073329770970377,8.33060961289877e-05
13/12/2018,-0.00401092171517746,0.000103915778113206
14/12/2018,-0.00895818475147302,9.92619847841041e-05
17/12/2018,-0.0160533941851775,0.000158697482559862
18/12/2018,-0.00837636701798672,0.000163338055451797
19/12/2018,-0.0156720900558711,0.000641123063234199
20/12/2018,-0.0101184356898267,0.000417798271204608
21/12/2018,-0.0251760502524015,0.000333827102459118
26/12/2018,0.04104891565048,0.000390775884776691
27/12/2018,0.0229907472251999,0.000491792470195499
28/12/2018,-0.00707166829209864,0.000232813524169668
31/12/2018,0.00301680829063464,0.000132686772845175
02/01/2019,0.0159664138681893,0.00016353789779741
03/01/2019,-0.0163492014088786,0.000257082877716032
04/01/2019,0.0190602787150909,0.000163482874923435
07/01/2019,0.00612157714741902,7.79632419908965e-05
08/01/2019,-0.00103762620876676,9.31884976090287e-05
09/01/2019,0.000847889085912955,8.10850293872986e-05
10/01/2019,0.0109527565975529,5.82492160011738e-05
11/01/2019,0.00436680233032502,3.39342513573394e-05
14/01/2019,0.00242563231605724,2.89812508470862e-05
15/01/2019,0.00932602118359651,5.36780214673401e-05
16/01/2019,3.01095801601026e-05,2.65031539807441e-05
17/01/2019,0.0113445448235313,6.20607667846378e-05
18/01/2019,0.0047697150555632,4.1932983048466e-05
22/01/2019,-0.00739976416170279,8.96516843747108e-05
23/01/2019,-0.00330167710105068,6.49593691405408e-05
24/01/2019,0.00183998464892446,3.25377353657129e-05
25/01/2019,0.00056448446603386,2.52448206402466e-05
28/01/2019,0.000827298483548015,5.29434097261023e-05
29/01/2019,-0.00201104446044423,3.71721541282302e-05
30/01/2019,0.00882050449989833,7.44489302872219e-05
31/01/2019,0.0079044689454741,3.78542580919377e-05
01/02/2019,-0.000436420653645893,4.02447330884726e-05
04/02/2019,0.00712962406859858,2.5398330121581e-05
05/02/2019,0.00329368656931286,1.76070157200647e-05
06/02/2019,-0.000297206632240051,2.24251776091629e-05
07/02/2019,-0.00312252280633378,6.20657678988775e-05
08/02/2019,0.00625980950709329,3.51484292068306e-05
11/02/2019,-0.00202629639295436,2.3787967192083e-05
12/02/2019,0.00576722260376769,1.64810227459929e-05
13/02/2019,-0.000193337754045199,1.63283538203533e-05
14/02/2019,0.00171553554273481,3.96543556887866e-05
15/02/2019,0.00368425429702865,1.95152465476548e-05
19/02/2019,0.00467292710331257,1.40874716728439e-05
20/02/2019,0.0020266994679571,2.45335281811069e-05
21/02/2019,-0.00101885948511035,2.25420603680025e-05
22/02/2019,0.00357761949623426,1.43348665472054e-05
25/02/2019,-0.00416638044606428,1.23925308368329e-05
26/02/2019,0.00101847652670646,2.43523985724196e-05
27/02/2019,0.00236223619288945,2.24596894647265e-05
28/02/2019,-0.00149468205766866,1.53924658696551e-05
01/03/2019,0.000392688206865986,1.79152759589254e-05
04/03/2019,-0.00780070604799635,5.79692297920136e-05
05/03/2019,-0.00191628944736801,2.50974639642446e-05
06/03/2019,-0.00660201020451697,2.63887635175899e-05
07/03/2019,-0.00640203148195199,5.07765968491789e-05
08/03/2019,0.00547349087999899,4.85992908606283e-05
11/03/2019,0.011698292727723,1.4721983919943e-05
12/03/2019,0.00131990682520362,2.05747745650432e-05
13/03/2019,0.00296039514118107,1.61638754558257e-05
14/03/2019,-0.000524121383152226,1.36328245828952e-05
15/03/2019,0.00267474332236683,1.81718013128132e-05
18/03/2019,0.00290018377882933,1.60527948500615e-05
19/03/2019,-0.00428699272350933,5.16214121351753e-05
20/03/2019,-0.00218960827167763,6.03771935085493e-05
21/03/2019,0.014089786634113,3.01504960540137e-05
22/03/2019,-0.0137823216344305,9.24007359913325e-05
25/03/2019,0.00109677395839868,7.70406648479304e-05
26/03/2019,-0.000403249527124299,3.96617629971947e-05
27/03/2019,-0.00474859853227657,5.52186133945283e-05
28/03/2019,0.00128101827348355,2.81178448326556e-05
29/03/2019,0.000570629787709644,2.40769707092051e-05
01/04/2019,0.00389291802661891,1.33979051900731e-05
02/04/2019,0.000301451152851842,1.30498366898822e-05
03/04/2019,-0.00269257565196847,1.8399824166441e-05
04/04/2019,0.00120251581439969,1.85207766632387e-05
05/04/2019,0.00175877094982073,9.42470877572906e-06
08/04/2019,0.00231355113498955,8.96515414194976e-06
09/04/2019,-0.00174462742092471,1.74965431360293e-05
10/04/2019,0.00165540127064385,8.12361302132919e-06
11/04/2019,-0.00216042675420028,1.34916257780665e-05
12/04/2019,0.000526195660555092,1.05782178775375e-05
15/04/2019,-0.000805480831082062,6.43714635032967e-06
16/04/2019,-0.00264281286180533,1.06939858468096e-05
17/04/2019,-0.00657693318002896,2.16619829830402e-05
18/04/2019,1.08366786370907e-05,1.25687104984389e-05
22/04/2019,0.00356692112527833,7.31489178254168e-06
23/04/2019,0.00711689639443372,1.42283762657314e-05
24/04/2019,-0.00185108815203268,1.0167927500076e-05
25/04/2019,-0.000163962498841129,2.56284995922833e-05
26/04/2019,0.00409958553951285,1.71216231048341e-05
29/04/2019,0.000772540436141433,5.87120169684053e-06
30/04/2019,0.00131088521964509,1.59333157045001e-05
01/05/2019,-0.0096702496002996,3.52355345718044e-05
02/05/2019,-0.000705623323703065,4.53100468966721e-05
03/05/2019,0.0038583348700545,9.67811556670331e-06
06/05/2019,0.0123970559033134,4.05954466837281e-05
07/05/2019,-0.00686754761555197,0.000105521893978684
08/05/2019,0.000398023093353833,4.80358251528115e-05
09/05/2019,0.0049668436518524,9.81997795531252e-05
10/05/2019,0.00871750945205314,0.000108267057165159
13/05/2019,-0.00457551467458602,9.63566086791645e-05
14/05/2019,0.00477695050294019,5.13397479907075e-05
15/05/2019,0.0124869886684316,5.66395708926403e-05
16/05/2019,0.00583490031041773,2.68743376192304e-05
17/05/2019,0.00283874955215901,5.89604726047639e-05
20/05/2019,-0.00026405092650899,4.29527332215754e-05
21/05/2019,0.00220186814105379,1.49977713148244e-05
22/05/2019,0.000175251979050538,2.08834056426375e-05
23/05/2019,-0.00336844208716677,4.66094296832441e-05
24/05/2019,-0.00365819273853865,2.16611882559675e-05
28/05/2019,-0.00991911711242005,3.19562661366145e-05
29/05/2019,-0.00128313705725947,7.16659949852386e-05
30/05/2019,-0.00038295033713577,3.55328766722821e-05
31/05/2019,-0.00235906824782574,3.28246109127695e-05
03/06/2019,-0.00212738127399421,9.60074775870793e-05
04/06/2019,0.0116980614006403,3.47940733444471e-05
05/06/2019,0.00199989129112311,3.82209364682597e-05
06/06/2019,0.00499779141500143,3.76089502472908e-05
07/06/2019,0.00579580693217991,3.39752617824918e-05
10/06/2019,-0.00142237194738135,2.38323682242905e-05
11/06/2019,-0.00669171596740193,3.1713564338277e-05
12/06/2019,-0.00130298772527958,1.70611325958273e-05
13/06/2019,0.000654756719890398,2.488450357205e-05
14/06/2019,0.00026664298415324,2.15197003818887e-05
17/06/2019,-0.000513845172118397,8.06479818196403e-06
18/06/2019,0.00273557852293499,3.74490295300491e-05
19/06/2019,0.00167936384764771,3.40083575846942e-05
20/06/2019,-0.00108356385198539,2.70592255442663e-05
21/06/2019,0.000241748802920778,1.66243666361929e-05
24/06/2019,-0.00241723727980517,7.84877125292534e-06
25/06/2019,-0.00961882405174462,2.90467702409017e-05
26/06/2019,-0.00467345717622738,2.03919759958283e-05
27/06/2019,0.00052624505632774,1.2808104259517e-05
28/06/2019,0.00144330702305028,9.38153249316863e-06
01/07/2019,-0.00366192508016729,2.22732780801607e-05
02/07/2019,0.00267973630135632,2.40800547371274e-05
05/07/2019,0.00324956608297495,1.95219882535943e-05
08/07/2019,-0.000514531493961719,1.28573239909582e-05
09/07/2019,0.00569118266700677,1.01271909650193e-05
10/07/2019,0.000655066985046997,1.9055113249008e-05
11/07/2019,-4.68821602600152e-05,9.92513133291103e-06
12/07/2019,0.00264392361847174,4.75062466686219e-06
15/07/2019,-0.00119287118408094,7.22462264064404e-06
16/07/2019,-0.00302684571827243,1.05680946546718e-05
17/07/2019,-0.00664787057643631,1.55277213023109e-05
18/07/2019,0.00518984511819307,1.5376318750926e-05
19/07/2019,-0.00982568086546159,2.70747513541374e-05
22/07/2019,0.00107305915389978,1.61395142732875e-05
23/07/2019,0.00255373008083316,1.36219225895274e-05
24/07/2019,0.00725768601286976,9.15061091468763e-06
25/07/2019,-0.00334040139137047,2.27615184719772e-05
26/07/2019,0.00439285393335478,5.80225926442574e-06
29/07/2019,-0.00140438788081336,7.80856471838562e-06
30/07/2019,0.00326741073548627,1.40987450100127e-05
31/07/2019,-0.0119589851408613,7.3263400200651e-05
01/08/2019,-0.00922500903859012,0.000200749764486974
02/08/2019,-0.00336820823763919,7.82279555562765e-05
05/08/2019,-0.0135312507227977,0.000117307131623712
06/08/2019,0.00638998852622287,9.81890724761786e-05
07/08/2019,0.0123117736382869,0.000151552949257354
08/08/2019,0.0129447045791766,3.55202610409352e-05
09/08/2019,-0.00336887716473101,8.3880907595562e-05
12/08/2019,-0.00560214411194832,4.65608798271277e-05
13/08/2019,0.0164159934838463,0.00019511363668007
14/08/2019,-0.0138641248583377,0.000125135859958647
15/08/2019,-0.000566206454194779,9.65748683360998e-05
16/08/2019,0.00822271987206447,4.42243005771445e-05
19/08/2019,0.000473188857242457,1.10777793798589e-05
20/08/2019,-0.00591325826588073,3.54245841682625e-05
21/08/2019,-0.00020109346895641,1.46912712734546e-05
22/08/2019,-0.00340549354701323,5.44586205997414e-05
23/08/2019,-0.0205919718873234,0.000228006674199436
26/08/2019,0.00237506633163117,5.39070070236536e-05
27/08/2019,-0.00945521385439072,5.54218644690081e-05
28/08/2019,0.0093490180209362,3.94281792590414e-05
29/08/2019,0.00294215516128027,3.12204960070477e-05
30/08/2019,-0.00582908403080132,3.22485152453211e-05
03/09/2019,0.0015588976119684,6.34598582236724e-05
04/09/2019,0.00244542763679077,1.04546823134317e-05
05/09/2019,0.00234359927125999,1.71169440889038e-05
06/09/2019,-0.0007321424879309,1.44208010960191e-05
09/09/2019,-0.00308797303338283,1.34929456437033e-05
10/09/2019,0.00324134894430611,4.0836858316385e-05
11/09/2019,0.00601913102949467,1.51911505716424e-05
12/09/2019,-0.000309233932668048,3.25280369208003e-05
13/09/2019,-0.00271369152636695,1.38542685551547e-05
16/09/2019,0.0010589418507088,1.47105451584798e-05
17/09/2019,0.003416314009589,9.97105644585383e-06
18/09/2019,0.00220108344406543,3.31936901677366e-05
19/09/2019,-0.00152517759288825,1.76974664201549e-05
20/09/2019,-0.00763222896317381,5.44813588160318e-05
23/09/2019,0.00211894974623364,1.33855770156463e-05
24/09/2019,-0.0121358019543065,9.60099478033869e-05
25/09/2019,0.00569503660450051,2.46973031672152e-05
26/09/2019,-0.00224590151284984,3.91612242404494e-05
27/09/2019,-0.00770991013178617,6.93542763632923e-05
30/09/2019,0.00298854140954823,1.36947084013397e-05
01/10/2019,-0.0150340694552169,6.77872150654542e-05
02/10/2019,-0.0115005094410179,7.0775829055529e-05
03/10/2019,0.00972288859796156,0.000148973738654486
04/10/2019,0.011025493328039,2.36959121625132e-05
07/10/2019,-0.00113616452547609,3.8838360331725e-05
08/10/2019,-0.00846378635087099,6.86790511536524e-05
09/10/2019,0.00157925052295041,4.07001437240987e-05
10/10/2019,0.00718211504194033,5.09892094350504e-05
11/10/2019,-0.000350080748293747,4.11982636815216e-05
14/10/2019,0.000345931841264094,1.71713197157417e-05
15/10/2019,0.00588791405352969,1.36158618466114e-05
16/10/2019,0.000151956066249348,1.23289818455539e-05
17/10/2019,-0.00170316454886229,1.64118987189409e-05
18/10/2019,-0.00223379651848078,2.95736282770258e-05
21/10/2019,0.00227963042903783,7.27778771498389e-06
22/10/2019,-0.00493127914803861,1.41746442220025e-05
23/10/2019,0.00370614355304402,1.05799223781647e-05
24/10/2019,-0.00159278460732823,1.42571046030503e-05
25/10/2019,0.00639936242153732,1.35027026608529e-05
28/10/2019,0.00124561716880283,7.40693101237103e-06
29/10/2019,0.000782811527378062,1.27159644775197e-05
30/10/2019,0.00225914095165511,1.97575987318949e-05
31/10/2019,-0.00252242758078505,3.44461572216038e-05
01/11/2019,0.00405833765611858,1.14962385528301e-05
04/11/2019,-0.00188538090534614,6.77597447365858e-06
05/11/2019,-0.0021923828614879,9.30321740074301e-06
06/11/2019,3.33580820303216e-05,1.34505912251552e-05
07/11/2019,-0.00112012556146986,2.0502042796645e-05
08/11/2019,0.00379777538614438,1.20341904152148e-05
11/11/2019,0.00256020195540094,4.42182566820452e-06
12/11/2019,0.000351739294142971,1.14442555468764e-05
13/11/2019,0.00365114961456824,1.66195454493574e-05
14/11/2019,0.00243753597615775,1.01338639864871e-05
15/11/2019,0.00248881406501986,8.4811877674231e-06
18/11/2019,0.00106906246754112,6.99889759827238e-06
19/11/2019,-0.00270647237920738,1.20823421529897e-05
20/11/2019,-0.00138687140367421,2.75400420171724e-05
21/11/2019,-0.0022679767059867,1.88496412349835e-05
22/11/2019,-0.000582535611054042,1.01893574821881e-05
25/11/2019,0.00441012140547997,5.27537084820862e-06
26/11/2019,0.0020794754164162,5.95372719075434e-06
27/11/2019,0.00254936673722228,3.19726602687568e-06
02/12/2019,-0.00946857528559905,3.94021732423131e-05
03/12/2019,0.00244642039418896,4.90694703759507e-05
04/12/2019,0.00269470384435174,1.30484466737807e-05
05/12/2019,-0.000504542992573188,1.72955585404611e-05
06/12/2019,0.00238566824146997,6.05483714244002e-06
09/12/2019,-0.00182295162497501,6.43694400531409e-06
10/12/2019,-0.000829954794412478,1.89566377512036e-05
11/12/2019,0.00122419566499835,9.49776997094852e-06
12/12/2019,0.00800931358748519,8.02992531775231e-05
13/12/2019,0.000891143025692649,4.28289305071722e-05
16/12/2019,0.000774487056866183,7.32931730501137e-06
17/12/2019,-0.00119543193114041,5.00132255420457e-06
18/12/2019,-0.00140467624715043,7.36077166586206e-06
19/12/2019,0.00337789120786049,5.12531907645477e-06
20/12/2019,0.00139151066943882,4.42613340785407e-06
23/12/2019,-0.00114850502366525,2.37144918017572e-06
26/12/2019,0.00391370189282848,3.78609743153357e-06
27/12/2019,-0.00277308522177239,8.71382892932697e-06
30/12/2019,-0.00570580626292114,2.26593715821309e-05
31/12/2019,0.00438658227300002,1.06462372671508e-05
02/01/2020,0.00379954138497433,1.59522457965058e-05
03/01/2020,0.00416203048247995,4.12020959741484e-05
06/01/2020,0.00952010744181106,1.34098228032517e-05
07/01/2020,-0.00102265099426122,1.18700112003355e-05
08/01/2020,0.0044491620014748,2.45610990850106e-05
09/01/2020,0.00129409755372097,1.10993330591098e-05
10/01/2020,-0.00510657872122202,1.57276980660075e-05
13/01/2020,0.00428695031830452,6.54740247950313e-06
14/01/2020,-8.2145175026574e-05,1.49839514098898e-05
15/01/2020,0.00200480926144427,1.68176574095518e-05
16/01/2020,0.00334377658044987,5.68159321001974e-06
17/01/2020,0.000642786998774591,9.32275695746843e-06
21/01/2020,0.00109064165413178,1.40176314416655e-05
22/01/2020,-0.00256172088866802,1.27648210025171e-05
23/01/2020,0.00335585659146277,2.2061626523228e-05
24/01/2020,-0.0109526318912998,5.7076198701093e-05
27/01/2020,0.00174070677540622,4.67997972289827e-05
28/01/2020,0.00522061268602569,2.21425011967603e-05
29/01/2020,-0.00538999986418092,2.63040012612904e-05
30/01/2020,0.00993032948763171,6.2120444618302e-05
31/01/2020,-0.0164510647309821,7.65010554888125e-05
03/02/2020,0.0020805150623448,3.77221495550965e-05
04/02/2020,0.00313644835358472,1.80511894937319e-05
05/02/2020,0.00143741143502728,2.67202040925008e-05
06/02/2020,0.000438646443163655,1.87262353635112e-05
07/02/2020,-0.00193411077007739,2.78018878339323e-05
10/02/2020,0.0102365286150407,1.85689921268829e-05
11/02/2020,-0.00253731070164427,2.51726400374758e-05
12/02/2020,0.00127356863362894,1.12865525130825e-05
13/02/2020,0.00377988856681548,2.84627309287765e-05
14/02/2020,0.000636893390274838,1.26172192996577e-05
18/02/2020,0.000387109026699426,2.29832018642024e-05
19/02/2020,0.00134728705597866,6.14385470571825e-06
20/02/2020,-0.0020246876943862,9.14512663489799e-05
21/02/2020,-0.00542491396739428,5.34489322896286e-05
24/02/2020,-0.00243250205505755,0.000120475251835348
25/02/2020,-0.0348219294433775,0.000258939544958608
26/02/2020,-0.00884392886988277,0.000280671177980889
27/02/2020,-0.0257744155425959,0.000730381308866992
28/02/2020,0.0250403473491379,0.00157223152384721
02/03/2020,0.0362125644417876,0.000647258688817238
03/03/2020,-0.0300742959826424,0.00188289083420583
04/03/2020,0.0213412273583265,0.000242805215756475
05/03/2020,-0.00823856101876942,0.000347382975561118
06/03/2020,0.0154227773972241,0.000523922085551624
09/03/2020,-0.00237357075519086,0.00126309332573046
10/03/2020,0.0134962430532061,0.00102046732091353
11/03/2020,-0.0227851238634376,0.000524844857412185
12/03/2020,-0.0273096682719957,0.0038317393122285
13/03/2020,0.0301003744976044,0.00243162501593301
16/03/2020,-0.00468116030001896,0.00279930992775281
17/03/2020,0.0357046455895444,0.00233317891289788
18/03/2020,0.0238215429395386,0.00282538560446423
19/03/2020,0.00778840481690764,0.00216296339850962
20/03/2020,-0.0587618208056987,0.00165236064101578
23/03/2020,-0.0262969846455938,0.00300743099011143
24/03/2020,0.0381388360759059,0.000883104400293145
25/03/2020,0.0075791527126104,0.00135010942732147
26/03/2020,0.0467633053834569,0.00123844556755243
27/03/2020,-0.00112703243718305,0.000601676040901214
30/03/2020,0.022535067571905,0.000325761607599751
31/03/2020,-0.0116685006102568,0.000416931408968606
01/04/2020,-0.00697413982704692,0.000336437496230368
02/04/2020,0.0262525455985585,0.000840392261154749
03/04/2020,-0.0105485770637644,0.000373737095466572
06/04/2020,0.0267564387944823,0.000301510417208502
07/04/2020,-0.0348108213619893,0.00069863887082872
08/04/2020,0.0220723555292302,0.000236545347040103
09/04/2020,0.00235851910316742,0.000385138736188066
13/04/2020,-0.00557245658357815,0.00028467059649926
14/04/2020,0.00926531246820017,0.000139057416275409
15/04/2020,0.000440007982526113,0.000192100134504927
16/04/2020,-0.000260565281304499,0.000195207033015353
17/04/2020,0.00427810725313828,0.000134155820844325
20/04/2020,-0.00323229901367883,0.000144503734918198
21/04/2020,-0.0139957467936361,0.000269899950363113
22/04/2020,0.00264891873602679,8.99237766277658e-05
23/04/2020,-0.00570073632522197,0.000199208862255202
24/04/2020,0.00797624649972109,9.49940215375387e-05
27/04/2020,0.00704729034975405,5.58829327699708e-05
28/04/2020,-0.0189159041044486,0.000155425778538757
29/04/2020,0.00559013409075937,7.91226098462988e-05
30/04/2020,-0.00330871416455824,0.000147346517504046
01/05/2020,-0.0095872963541197,0.000145673453637837
04/05/2020,0.00995945462757431,0.000104341333214404
05/05/2020,-0.00162041743708735,8.22584536997483e-05
06/05/2020,-0.0135469384161908,0.000106409443599842
07/05/2020,-0.00042228884969211,6.88334749046535e-05
08/05/2020,0.0044760593928262,3.79843246054855e-05
11/05/2020,0.00702696983213601,5.4974010440078e-05
12/05/2020,-0.0250367612096459,9.11773246715779e-05
13/05/2020,-0.0155056065553063,0.000306864781321023
14/05/2020,0.0209282808830094,0.00025692459042023
15/05/2020,0.0135994445024682,0.000148673105399995
18/05/2020,0.00594157177747045,6.0457546915927e-05
19/05/2020,-0.00746228352608472,0.000131597936974504
20/05/2020,0.00370193458077149,5.06692709430911e-05
21/05/2020,-0.00671337654728493,0.000104454557722132
22/05/2020,0.00264045226110911,4.59493163810486e-05
26/05/2020,-0.00943909043798839,4.72465176735277e-05
27/05/2020,0.00472655804813186,0.00013605360008926
28/05/2020,-0.00585547225290766,0.000108570687965593
29/05/2020,0.00549178061815022,0.000211858069129234
01/06/2020,0.00622782280021753,2.90074722592538e-05
02/06/2020,0.00475796956402149,4.46086862808005e-05
03/06/2020,0.00585597496660123,3.07822716636893e-05
04/06/2020,8.845600930687e-05,6.60446005469048e-05
05/06/2020,0.00603330311633731,6.8816133148587e-05
08/06/2020,0.0093318747992896,3.6744423033153e-05
09/06/2020,0.00171453374375616,5.3970801021251e-05
10/06/2020,-0.00720418361983716,0.000173374688178307
11/06/2020,-0.0350058089988416,0.000273284028530931
12/06/2020,-0.0131186867104088,0.000550100132767752
15/06/2020,0.0300275245319234,0.000310245893250219
16/06/2020,-0.00936949789728187,0.000294779032442988
17/06/2020,-0.00836235731934486,8.46078389342997e-05
18/06/2020,0.00560093921366578,7.70903513181681e-05
19/06/2020,-0.0180013685880017,0.000185019854004642
22/06/2020,0.00848249123062232,6.64449271211378e-05
23/06/2020,-0.00532186735969766,4.65301917737234e-05
24/06/2020,-0.0189529573713404,0.000242073215989544
25/06/2020,0.0128164349382874,0.000172873848726742
26/06/2020,-0.0201764912059998,0.000155568291884206
29/06/2020,0.00979723527969953,8.79003310474707e-05
30/06/2020,0.0150055535216527,9.91626495871101e-05
01/07/2020,0.00218324856926055,7.93848347346685e-05
02/07/2020,-0.00684693489079237,6.43458754009963e-05
06/07/2020,0.00106800624166191,2.74795183334568e-05
07/07/2020,-0.00523399890453082,4.90353325205359e-05
08/07/2020,0.00462264279007383,6.73086959031212e-05
09/07/2020,-0.00800612236855369,0.000150202181906318
10/07/2020,0.0110018500776191,8.26131333070613e-05
13/07/2020,-0.0172403444824093,0.000141896040022425
14/07/2020,0.0171601008605325,0.000205907512585764
15/07/2020,-0.00251384429181935,0.000124163632073516
16/07/2020,0.00293272675852274,5.1919238407975e-05
17/07/2020,-0.000599431470756,2.98601070122792e-05
20/07/2020,0.00907530349922783,2.66606732058759e-05
21/07/2020,-0.00428675343110629,4.81013305264537e-05
22/07/2020,0.00653180229843224,3.95906177392066e-05
23/07/2020,-0.0116484019093174,8.38195389731356e-05
24/07/2020,-0.000562471164239511,7.50419383711362e-05
27/07/2020,0.00459302469449388,2.48613781612797e-05
28/07/2020,-0.00361242356112828,3.58698062729429e-05
29/07/2020,0.00899700941438411,3.3956591026853e-05
30/07/2020,0.00658140971742029,6.81505542502729e-05
31/07/2020,0.00182409181114531,9.61129168490856e-05
03/08/2020,0.000887103667286305,2.65144975750669e-05
04/08/2020,0.00638558080373606,3.09782663535847e-05
05/08/2020,0.00157965904619679,1.64326431975637e-05
06/08/2020,0.00831970980888314,2.54956039927892e-05
07/08/2020,0.00394334838646328,5.32753055602531e-05
10/08/2020,0.00143060949910023,3.16698592294335e-05
11/08/2020,-0.0124112272585455,8.98054908819233e-05
12/08/2020,0.00565505055929772,2.49286329530146e-05
13/08/2020,0.000196486815178489,2.90894466654148e-05
14/08/2020,0.00105856752227993,3.25148901060966e-05
17/08/2020,-0.000266191495710732,7.032416354015e-06
18/08/2020,0.000636080155215208,3.29677290707603e-05
19/08/2020,-0.00571085310278198,2.38449959785613e-05
20/08/2020,0.00845677180012511,2.04493616041588e-05
21/08/2020,0.00486461069442963,1.92189672800984e-05
24/08/2020,0.00213899706552356,2.31684437217216e-05
25/08/2020,0.00155713358404737,1.97343544761136e-05
26/08/2020,0.00787723609102189,2.73140661884409e-05
27/08/2020,-0.000660619134459885,6.99514167961096e-05
28/08/2020,0.0031715089830961,2.03265799638315e-05
31/08/2020,-0.00327009820047727,4.15995175886109e-05
01/09/2020,0.0063093466471382,2.81658396076521e-05
02/09/2020,0.00821337297113305,4.79879044253478e-05
03/09/2020,-0.0295838842187037,0.000450584234239915
04/09/2020,-0.0106868743092795,0.000501544627702573
08/09/2020,-0.010050621958974,0.000278216904882036
09/09/2020,0.00588143042371116,0.000109758597587179
10/09/2020,-0.0234557674786171,0.000277198159967096
11/09/2020,-0.00554306379172222,0.000177215057314324
14/09/2020,0.00321046577928842,6.35858720350349e-05
15/09/2020,-0.00275312712822096,3.4749697451554e-05
16/09/2020,-0.00826869078804624,6.49810946905166e-05
17/09/2020,0.00652756084236667,0.000124636012034187
18/09/2020,-0.0144056457465658,0.000114835664031321
21/09/2020,0.00393270614784587,0.000137337497314546
22/09/2020,0.00523336199603012,8.64620731991761e-05
23/09/2020,-0.0249402722516661,0.000128627515069221
24/09/2020,0.00720448419579557,0.000218812944670431
25/09/2020,0.0184397542638094,0.000121274562263776
28/09/2020,0.00252033499318528,5.904843670064e-05
29/09/2020,-0.0053254358269196,5.7295213754109e-05
30/09/2020,0.00565571935667111,0.000137523954409143
01/10/2020,-0.0018121798797611,7.11393864282847e-05
02/10/2020,0.00580622003848986,0.000160466007058332
05/10/2020,0.010907514238847,2.61464402390262e-05
06/10/2020,-0.0144517135391231,0.000206365710531291
07/10/2020,0.00753457085683103,4.15637398200593e-05
08/10/2020,0.00208688874437302,3.25698286621897e-05
09/10/2020,0.0033043959951054,2.59504255357584e-05
12/10/2020,0.00758462874821082,2.41721257558328e-05
13/10/2020,-0.00597488419394458,6.1255437169515e-05
14/10/2020,-0.0076677991119165,6.77106546223158e-05
15/10/2020,0.0108568019175869,5.07899455997712e-05
16/10/2020,-0.00492944091450513,4.24823413162583e-05
19/10/2020,-0.0190820605274176,9.47394908086834e-05
20/10/2020,-0.0009168152023417,0.000106838982347939
21/10/2020,-0.00194335257654895,9.34718714049033e-05
22/10/2020,0.00488129531272986,7.79401734396218e-05
23/10/2020,-0.000491697334743246,3.59991172976722e-05
26/10/2020,-0.0075284113299532,0.000108987040272884
27/10/2020,-0.00410856503470472,6.380330704837e-05
28/10/2020,-0.0159446735307027,0.000181920011586106
29/10/2020,0.00967251691517466,0.000171841494442405
30/10/2020,-0.0048858115360594,0.000301026923401297
02/11/2020,0.000302595342196199,0.000116762156378205
03/11/2020,0.00623583932732436,0.000125072349671669
04/11/2020,0.00719384998559856,0.000172329308344412
05/11/2020,0.00237346159311046,8.02061350522456e-05
06/11/2020,0.00140852435854212,9.0119490570706e-05
09/11/2020,-0.0269995622898417,0.000249133846659106
10/11/2020,0.00155020244824795,0.000158922967570413
11/11/2020,6.30569173636278e-05,3.9753183742326e-05
12/11/2020,-0.00633551386717549,7.63888038367026e-05
13/11/2020,0.00774366637466571,3.16875719131508e-05
16/11/2020,0.00379809327425664,5.77588349567118e-05
17/11/2020,0.00192819996824744,3.1141502837226e-05
18/11/2020,-0.0126203391708546,5.00470978902655e-05
19/11/2020,0.00607493088904364,5.43061186726986e-05
20/11/2020,-0.00615225013766427,3.76499388027046e-05
23/11/2020,0.000529569090656876,5.257653288567e-05
24/11/2020,0.00827263050151011,2.69573446766008e-05
25/11/2020,-0.00104854157816237,2.62724946528637e-05
30/11/2020,-0.00202264696009659,5.03573704186597e-05
01/12/2020,0.000927779662804059,3.96118764521196e-05
02/12/2020,0.00421540717961829,2.28225188655969e-05
03/12/2020,0.000168732614224095,4.35546110784253e-05
04/12/2020,0.00652531677404004,1.51388092110548e-05
07/12/2020,0.000404442945907854,2.11136319437383e-05
08/12/2020,0.00631776777595758,1.51347893084381e-05
09/12/2020,-0.0105827967580517,6.5249679374848e-05
10/12/2020,0.00369077571333112,5.69143815412706e-05
11/12/2020,0.00369003275720409,3.90403190666368e-05
14/12/2020,-0.0108274005143515,5.07962570133034e-05
15/12/2020,0.00594542271249057,2.58081834720136e-05
16/12/2020,0.000870195007741029,2.18356805958451e-05
17/12/2020,0.00086628098719844,1.61958678128718e-05
18/12/2020,-0.00485788433776755,4.68165976979811e-05
21/12/2020,0.00830461698953442,7.79277269639872e-05
22/12/2020,-0.00278397935445326,3.86058676049403e-05
23/12/2020,-0.00228982384316963,1.46379523953029e-05
28/12/2020,0.00119304163159005,7.7755585180149e-06
29/12/2020,-0.00636541895031026,3.46386366790758e-05
30/12/2020,-0.0010544280767695,1.14741346761762e-05
31/12/2020,0.00571278504804908,1.31613844511657e-05
04/01/2021,-0.0169917280857897,0.000132918914829318
05/01/2021,0.00835966050824659,7.50466857255238e-05
06/01/2021,0.0102450321709524,0.000127171056084898
07/01/2021,0.00783470553641407,3.84750125735106e-05
08/01/2021,0.00140766077162335,6.28957570129443e-05
11/01/2021,0.00242375526966902,3.41626372249073e-05
12/01/2021,-0.000436039376126324,3.90657229643713e-05
13/01/2021,0.00262634277641793,2.76249772763128e-05
14/01/2021,-0.00559270388327756,2.30433807631144e-05
15/01/2021,-0.00279708511475807,7.33538509355539e-05
19/01/2021,0.000637485216956173,2.12708119799891e-05
20/01/2021,0.00720587690414311,2.14773989988398e-05
21/01/2021,-0.000635022195857843,1.64152967044246e-05
22/01/2021,0.00195409166304249,1.90174937448369e-05
25/01/2021,0.00170833280321403,0.000121163937291257
26/01/2021,-0.00424322134944708,2.4605133996659e-05
27/01/2021,-0.0147131453290417,0.000159724962867477
28/01/2021,0.00320335347808106,0.000116626506797612
29/01/2021,-0.0145712718161708,0.00024723695618221
01/02/2021,0.00616941122096953,7.94700734182898e-05
02/02/2021,0.00482240628818946,3.99907579715301e-05
03/02/2021,-0.00172306285603409,3.49411057234938e-05
04/02/2021,0.00829956304688836,1.96849943841137e-05
05/02/2021,-0.0012900028831415,1.7666564243299e-05
08/02/2021,0.00320699514637825,1.26308196268631e-05
09/02/2021,0.00170298472172271,9.4259104205313e-06
10/02/2021,-0.00497459288336407,7.43856521607704e-05
11/02/2021,-0.00103511131191934,4.10732238104486e-05
12/02/2021,0.00752865816337992,1.47083694149828e-05
16/02/2021,-0.00403892784759209,3.91261276197125e-05
17/02/2021,0.0048697078165082,3.42668494562338e-05
18/02/2021,0.00318997592529689,3.25825571549997e-05
19/02/2021,-0.00498854091028357,2.86112143310048e-05
22/02/2021,0.000154672747461252,3.23085549914854e-05
23/02/2021,0.00754199376327162,0.000136154047974831
24/02/2021,0.0139705685848596,5.1506030701561e-05
25/02/2021,-0.0202617163323731,0.000145793156138107
26/02/2021,-0.00988977642663658,0.000286051706591851
01/03/2021,0.0097414708573314,3.82493131128838e-05
02/03/2021,-0.0080095488787403,7.45319693122176e-05
03/03/2021,-0.0109473369031901,0.000119824511932107
04/03/2021,-0.0110882822001855,0.000390400393776414
05/03/2021,0.00845014481713617,0.000237389755229233
08/03/2021,-0.00773856948589997,0.000172167544743137
09/03/2021,0.0032785312188488,4.41302300402767e-05
10/03/2021,-0.000774225981491282,8.05181368052132e-05
11/03/2021,0.00292418310891179,2.58563414676826e-05
12/03/2021,0.00540049567471466,2.86939811369349e-05
15/03/2021,0.00522618357907648,2.25099629255771e-05
16/03/2021,-0.00306867956170731,2.22191659899076e-05
17/03/2021,0.00685898467318221,6.96908217571134e-05
18/03/2021,-0.00777505033698074,5.76800716726794e-05
19/03/2021,-0.000938318919233236,6.98590152357366e-05
22/03/2021,0.00615560157626633,1.4432193980292e-05
23/03/2021,-0.00643198036304801,3.97028101554826e-05
24/03/2021,-0.00897262071074378,6.49267908719745e-05
25/03/2021,0.00949331710073127,9.45833549410682e-05
26/03/2021,0.0131453542533793,7.64002189194809e-05
29/03/2021,0.00369141698289807,5.76699465423457e-05
30/03/2021,0.000713140615910511,3.48772050095618e-05
31/03/2021,0.00249848044211984,1.44148824893269e-05
01/04/2021,0.00518305250017504,1.11720064640227e-05
05/04/2021,0.00692746541362528,1.80178431795533e-05
06/04/2021,0.000911988823188411,1.15054312873771e-05
07/04/2021,0.00141468456274032,1.47208826681125e-05
08/04/2021,0.001123961264686,7.2612653992892e-06
09/04/2021,0.00764781266341326,9.29309099712176e-06
12/04/2021,0.00176315293130205,1.41740051701001e-05
13/04/2021,0.00324728124371427,7.04332178765657e-06
14/04/2021,-0.00317715228951112,3.28341117963462e-05
15/04/2021,0.00486142657511879,1.21032793233671e-05
16/04/2021,2.92271313163133e-05,1.25627321305039e-05
19/04/2021,-0.00248875190680979,3.85842358075225e-05
20/04/2021,-0.00378518257072548,3.33984202050417e-05
21/04/2021,0.0110479461346904,1.72868577038052e-05
22/04/2021,-0.00854773140761644,8.51832915611997e-05
23/04/2021,0.00924411780108673,1.69741043830277e-05
26/04/2021,0.000905004812502405,1.26631012940061e-05
27/04/2021,-0.000810136452594108,1.47054714797709e-05
28/04/2021,-0.00116744588079381,1.89250836900469e-05
29/04/2021,-0.000653978872452171,2.69857665341385e-05
30/04/2021,-0.000705000419236562,2.64900381817021e-05
03/05/2021,-0.00249390506101149,1.53913605070022e-05
04/05/2021,-0.00061703740887234,6.21970381066831e-05
05/05/2021,-0.00474942829806742,2.27826709894032e-05
06/05/2021,0.00775721683229478,5.75374293639318e-05
07/05/2021,0.00516539873965849,2.42269153317895e-05
10/05/2021,-0.0108598778206263,2.53314739748063e-05
11/05/2021,0.0030814662523384,0.000121938408735154
12/05/2021,-0.0134566483463935,7.94310934236354e-05
13/05/2021,0.00735924597879289,0.00011241704756095
14/05/2021,0.00778512656298927,2.70495290451092e-05
17/05/2021,0.000616527976245246,4.28323590578507e-05
18/05/2021,-0.00907947788408833,3.78061640754849e-05
19/05/2021,0.0104188143344536,0.000131077217842013
20/05/2021,0.00789119137697936,2.75722616595876e-05
21/05/2021,-0.00478683489573655,3.35377994913745e-05
24/05/2021,0.00409069359834512,8.41876427338625e-06
25/05/2021,-0.00497344951164212,2.03306787939371e-05
26/05/2021,0.000599883482158553,1.07099955182707e-05
27/05/2021,-0.00241054169194438,9.12661276069332e-06
28/05/2021,-0.00228954613821723,7.16202232772164e-06
01/06/2021,-0.00690409119608639,1.7669190058014e-05
02/06/2021,2.33519622325469e-05,1.23059197478769e-05
03/06/2021,0.00250681057457834,3.09040689854254e-05
04/06/2021,0.00420616258883451,5.54186208087634e-06
07/06/2021,-0.000626783739855067,7.49924140099856e-06
08/06/2021,-0.00165037930218411,1.62263104236824e-05
09/06/2021,-0.00384053067822092,5.91549690203396e-06
10/06/2021,0.00125335022581052,2.18674957985499e-05
11/06/2021,0.000304928590223053,6.77264791830061e-06
14/06/2021,0.00186738803242442,1.03835666435528e-05
15/06/2021,-0.00225433137380768,1.32476157014673e-05
16/06/2021,-0.00599988248361208,7.11209313091622e-05
17/06/2021,0.000692078191908375,5.03519704870231e-05
18/06/2021,-0.00480924309879317,6.45290485042313e-05
21/06/2021,0.00941013713891513,2.2172979319606e-05
22/06/2021,0.00502327077524811,9.67233959808145e-06
23/06/2021,-0.00135816851788586,1.25922367163268e-05
24/06/2021,0.000424376747387021,6.09227870240244e-06
25/06/2021,0.00169577641047447,2.9809882997417e-06
28/06/2021,0.000490848838702033,6.14261352316113e-06
29/06/2021,-0.000818523271304909,5.23985115683521e-06
30/06/2021,0.00191178401433733,6.48892982891175e-06
01/07/2021,0.00406084451478766,6.46996788926146e-06
02/07/2021,0.00474582527707957,4.53364109102332e-06
06/07/2021,-0.00198492246978453,2.26995593051816e-05
07/07/2021,0.00167579658516734,2.81844185824417e-05
08/07/2021,0.00464708202697307,6.78119747467633e-05
09/07/2021,0.00655198565948145,1.11682605914471e-05
12/07/2021,0.00333591355377572,5.02056524259573e-06
13/07/2021,-0.00187242967422197,1.9766900723849e-05
14/07/2021,-0.00286420740300664,1.86297045843713e-05
15/07/2021,-1.88571153621037e-05,3.04689770047965e-05
16/07/2021,-0.0109635731547509,2.62374978439671e-05
19/07/2021,-0.00251098058883667,8.03488102701959e-05
20/07/2021,0.0125105026593337,4.40561017099963e-05
21/07/2021,0.00483095360555503,1.1295789824081e-05
22/07/2021,0.0016769474061365,1.38493551185801e-05
23/07/2021,0.00526541941388229,1.10738194626018e-05
26/07/2021,0.00379483302279214,9.5818629337319e-06
27/07/2021,-0.00172604621369923,4.20299725600892e-05
28/07/2021,-0.00223201912247939,2.83530911872264e-05
29/07/2021,0.0019337045172716,1.0355566542723e-05
30/07/2021,0.00147260837504044,2.27196516764024e-05
02/08/2021,-0.0065998649490676,1.49898689388399e-05
03/08/2021,0.00587939467856934,3.42736876459508e-05
04/08/2021,-0.00213976003808511,1.13709015453847e-05
05/08/2021,0.0033079408893592,4.63025151539351e-06
06/08/2021,0.000813724073977851,9.04130729042418e-06
09/08/2021,-0.000805505303755438,6.77023234686877e-06
10/08/2021,0.000192574397144672,1.08879974435208e-05
11/08/2021,-0.000217927495068241,6.2240724354165e-06
12/08/2021,0.00330433501227039,5.42020232874648e-06
13/08/2021,0.000667822282317839,5.23576588204872e-06
16/08/2021,0.00555967483434272,1.23450447036022e-05
17/08/2021,-0.000379374831956362,4.16615658257755e-05
18/08/2021,-0.00847410644752577,4.35627291738035e-05
19/08/2021,0.00799674018648778,7.85254434949101e-05
20/08/2021,0.00669014899007354,2.05777743652755e-05
23/08/2021,0.00445088077762011,8.83797277198144e-06
24/08/2021,-0.000332986938217776,4.86637889890823e-06
25/08/2021,0.00138452775023689,4.77368983171219e-06
26/08/2021,-0.00518467961615847,1.8938367614284e-05
27/08/2021,0.00661575370748228,1.36363407526248e-05
30/08/2021,0.00256685083843,6.23087521262224e-06
31/08/2021,-0.00105670271583099,1.12167704930001e-05
01/09/2021,-0.00188025194233748,7.42602227652686e-06
02/09/2021,-0.000628137820543191,8.80454092247322e-06
03/09/2021,0.00250901402649367,8.73282924326936e-06
07/09/2021,-0.00243418739106892,1.05965160185824e-05
08/09/2021,-0.00025547904524227,2.6285182157499e-05
09/09/2021,-0.00411187268130482,2.79568050972698e-05
10/09/2021,-0.0123395788796131,2.64112036520944e-05
13/09/2021,-0.00456480538369382,4.57223690325406e-05
14/09/2021,-0.00864917730988559,3.05596207157087e-05
15/09/2021,0.00724399810412565,3.67494213003097e-05
16/09/2021,-2.87240496326538e-05,3.91537975902559e-05
17/09/2021,-0.00762115716814534,4.59659257035162e-05
20/09/2021,-0.00177536524298158,8.24225801693631e-05
21/09/2021,-0.00671704268906004,0.000103761652643802
22/09/2021,0.00416330009200229,5.61660882798427e-05
23/09/2021,0.00692806234686993,2.94844116078083e-05
24/09/2021,0.00529529576458447,3.56791192659805e-05
27/09/2021,-5.47891185703065e-05,1.88120712071866e-05
28/09/2021,-0.0133763236487304,7.04823362794715e-05
29/09/2021,-0.00248863276911224,5.87022908567293e-05
30/09/2021,-0.0157761426974005,0.00010796483393634
01/10/2021,0.00689087299116775,9.46682219720789e-05
04/10/2021,-0.00959606165345427,0.000143141887202554
05/10/2021,0.00620519575913143,3.88803207825672e-05
06/10/2021,0.0129781480789333,0.000128725052655904
07/10/2021,0.000562716793951755,2.87868729809856e-05
08/10/2021,-0.003609922293172,3.60461876427247e-05
11/10/2021,-0.00604782612600757,3.13863835917493e-05
12/10/2021,-0.00515286607850223,5.32302366135414e-05
13/10/2021,0.00121272673778705,5.35546226013857e-05
14/10/2021,0.00734684098188098,1.72831298311501e-05
15/10/2021,0.00237610905295857,1.89268247876998e-05
18/10/2021,0.00732371504920672,1.51823573554197e-05
19/10/2021,0.00375244635665092,1.17928804981373e-05
20/10/2021,0.00294691656174695,1.36151431505812e-05
21/10/2021,0.0040316703057399,9.741520022454e-06
22/10/2021,6.0356100665637e-05,3.32314820271716e-05
25/10/2021,0.00260953597445321,1.3026834574971e-05
26/10/2021,-0.00287196890803128,2.64911895394557e-05
27/10/2021,-0.00549550114397098,2.47423519130692e-05
28/10/2021,0.00583175900547354,1.9084268214741e-05
29/10/2021,0.00692588952076498,1.61131423894725e-05
01/11/2021,4.56520909174953e-05,2.2985940545629e-05
02/11/2021,0.00319484387898123,1.23218479088277e-05
03/11/2021,0.00701669915189403,2.17381216042077e-05
04/11/2021,0.00299595019875339,1.93210004012277e-05
05/11/2021,-0.00176403932647147,2.89659175804938e-05
08/11/2021,-0.00164827393004457,1.57158632972734e-05
09/11/2021,-0.00413373660753207,3.47846357513238e-05
10/11/2021,-0.00453685321546167,3.21828255907783e-05
11/11/2021,-0.00280353903935558,1.10328099392183e-05
12/11/2021,0.0047120072738095,1.69288829016926e-05
15/11/2021,-0.00267137235616122,1.76600232025834e-05
16/11/2021,0.00412235630024864,1.26786363342843e-05
17/11/2021,-0.00214630294995177,1.43568162463372e-05
18/11/2021,0.00103523986881181,2.23688918414168e-05
19/11/2021,-0.00169217839380929,2.02536811659974e-05
22/11/2021,-0.00729708170062209,4.00671353538635e-05
23/11/2021,0.00247245882581507,6.93670863889985e-05
24/11/2021,0.00668408966447136,2.65422273692684e-05
29/11/2021,0.000634183298939564,2.81593984460609e-05
30/11/2021,-0.0132626964022012,0.000113725804538156
01/12/2021,-0.024827612211735,0.000165615099378074
02/12/2021,0.0137193954080259,0.00018834037656704
03/12/2021,-0.0129409023512356,0.000217674157328528
06/12/2021,0.00548742452838821,9.54998447815808e-05
07/12/2021,0.00791849244823099,2.53641218400928e-05
08/12/2021,0.00170957144201106,2.73870313509763e-05
09/12/2021,-0.00438631257054985,2.81416352405252e-05
10/12/2021,0.00307122346796268,3.65427324580363e-05
13/12/2021,-0.00756469215853736,3.37041954482122e-05
14/12/2021,0.00109929474785979,5.17679927223504e-05
15/12/2021,0.0157688378238508,0.000108930497682696
16/12/2021,-0.0137415289027618,9.31036987056886e-05
17/12/2021,-0.00386178069188569,0.000156580202457355
20/12/2021,0.00191733091366591,8.42384493351447e-05
21/12/2021,0.00960079647546146,5.5752259500853e-05
22/12/2021,0.0102050711263938,2.33949336539268e-05
23/12/2021,0.00382251734485313,2.253447308312e-05
27/12/2021,0.0107113487062421,1.22141241477133e-05
28/12/2021,-0.00151028233946856,3.1702587201247e-05
29/12/2021,0.00101344985932644,1.73915408386376e-05
30/12/2021,-0.0037980092950379,1.36379032762899e-05
31/12/2021,-0.00125678417721584,2.90537834510729e-05
03/01/2022,0.0029400785605598,5.01106657863633e-05
04/01/2022,-0.00337860541347837,2.7061373510174e-05
05/01/2022,-0.0185909838585908,4.60570954191971e-05
06/01/2022,0.000215669892345035,7.62715313266494e-05
07/01/2022,-0.00338799520564272,4.26616692233601e-05
10/01/2022,0.00616402652053106,0.000101996098546502
11/01/2022,0.00930698760921208,6.61747415056625e-05
12/01/2022,-0.000935738635282586,3.49719501218488e-05
13/01/2022,-0.0160737601371969,6.44883936802438e-05
14/01/2022,0.00811348222504393,0.000110623530775513
18/01/2022,-0.00689105522453762,9.38680425044323e-05
19/01/2022,-0.0134846405572654,8.4772724476061e-05
20/01/2022,-0.0154613767542465,9.72674219597431e-05
21/01/2022,-0.016539425671404,0.000240674385193443
24/01/2022,0.0191901483576635,0.000623345021674764
25/01/2022,0.00319582728445812,0.000391889040458389
26/01/2022,-0.0170211512998198,0.00054755985065269
27/01/2022,-0.0165318630517207,0.000298784018149636
28/01/2022,0.0204574550328271,0.000284239131864592
31/01/2022,0.0185969049514009,0.000101265685128373
01/02/2022,0.00468264695251884,0.000105093167133789
02/02/2022,0.00359375201881939,7.82482064012783e-05
03/02/2022,-0.0099078456285748,9.68879807345977e-05
04/02/2022,0.00502231192084306,0.000127547199645063
07/02/2022,-0.00532963951196756,0.000105430621584188
08/02/2022,0.00900338960675914,5.90377395291124e-05
09/02/2022,0.00471738135630121,2.93213021422359e-05
10/02/2022,-0.00479687733436813,0.000155915357062848
11/02/2022,-0.0194062276311671,0.000209791807597206
14/02/2022,-0.00204906425798937,0.000148242507156804
15/02/2022,0.00483147448998793,5.21764688126138e-05
16/02/2022,0.00598016854073978,6.90803323783472e-05
17/02/2022,-0.0133767216688579,5.69028762212711e-05
18/02/2022,-0.00739111901395669,0.00013872292070597
22/02/2022,-0.00460375969462023,0.000209531656570791
23/02/2022,-0.0252812893935224,0.000126453273169154
24/02/2022,0.041442238049996,0.000479701063634645
25/02/2022,0.0179815780296991,0.000149360410926953
28/02/2022,0.0103418167606471,0.000208017748294714
01/03/2022,-0.0118541729222452,0.000189219037788357
02/03/2022,0.0126875363484999,0.000165411130554745
03/03/2022,-0.0106710683080361,0.000152782442249604
04/03/2022,0.00138040524369902,0.000164400218095447
07/03/2022,-0.027864173856327,0.000140813749688152
08/03/2022,-0.00769086475345559,0.000455023801571389
09/03/2022,0.00446094022720687,0.000100633180170043
10/03/2022,0.00681170188867256,0.000145729931825521
11/03/2022,-0.0190744757773187,9.72116335854065e-05
14/03/2022,-0.00932719088986491,0.000115798929568011
15/03/2022,0.0148586007085818,0.000122233096518102
16/03/2022,0.0133708851277282,0.000237632687531411
17/03/2022,0.0165150759233783,8.26851329921023e-05
18/03/2022,0.0139228247336519,4.97062743083336e-05
21/03/2022,-0.000472633033995589,0.000127671607456372
22/03/2022,0.00806311595958987,3.98508268978425e-05
23/03/2022,-0.0069710343659547,5.59820413909766e-05
24/03/2022,0.00990156699271429,5.02806738210272e-05
25/03/2022,0.00313711231568359,6.51436534542246e-05
28/03/2022,0.00768869293306966,4.46150927120994e-05
29/03/2022,0.00316729121395927,4.67378354114267e-05
30/03/2022,-0.00352500773129526,4.24402266257269e-05
31/03/2022,-0.0138257411328598,5.20365170372956e-05
01/04/2022,-0.000350375962939233,6.55652101452566e-05
04/04/2022,0.00816224741068214,2.45788943049081e-05
05/04/2022,-0.0089619111273449,8.43681105061522e-05
06/04/2022,-0.000331399833454094,0.000131568850045971
07/04/2022,0.00712828571383273,7.30557085282487e-05
08/04/2022,-0.000702975594122338,6.29954736311105e-05
11/04/2022,-0.0088234995943108,3.97054038563172e-05
12/04/2022,-0.0108051287263962,7.17152365307426e-05
13/04/2022,0.0118231567311179,4.50007632495448e-05
14/04/2022,-0.0126036588500082,6.36307372198131e-05
18/04/2022,0.0027388482000458,9.7126676579366e-05
19/04/2022,0.0158084334804249,5.36130502966444e-05
20/04/2022,-0.00514331146265901,6.24452977316898e-05
21/04/2022,-0.0233298252573583,0.000110364608318807
22/04/2022,-0.024860457401404,0.000153145106398438
25/04/2022,0.0112890502576064,0.000240903320393192
26/04/2022,-0.0225259274593708,0.000149178292593694
27/04/2022,-0.000633078190064458,0.000222591723469114
28/04/2022,0.0132562091546161,0.000128254062111816
29/04/2022,-0.0266152373758151,0.00016387440402625
02/05/2022,0.00720589892101595,0.000337381568014624
03/05/2022,0.00286868165189194,0.000180891356606644
04/05/2022,0.027515363055405,0.000337590280552822
05/05/2022,-0.0249147105806744,0.000326691154559337
06/05/2022,0.000980636968090474,0.000403519623523091
09/05/2022,-0.016357313381894,0.000279779278418574
10/05/2022,-0.013215300618203,0.000327992872045735
11/05/2022,-0.0127745596421642,0.000408895633012271
12/05/2022,0.00872295430638514,0.000422640363374655
13/05/2022,0.0122045440173852,0.00018305933017112
16/05/2022,0.00122771161212003,0.000156959369645274
17/05/2022,0.00444200589281252,0.000129970140236406
18/05/2022,-0.0287994152350483,0.000152389900689272
19/05/2022,0.00223831774306531,0.000331039311923235
20/05/2022,-0.0100834834299669,0.000256598114028282
23/05/2022,0.00992479206977515,0.00016166986270105
24/05/2022,0.0040425552223247,0.000212660687638764
25/05/2022,0.0119531414028127,0.000146556534328732
26/05/2022,0.0161707048663328,7.70503340112888e-05
27/05/2022,0.0175430944071228,5.18540004499937e-05
31/05/2022,-0.00198798232029258,0.000160670953908251
01/06/2022,-0.0139592216572799,0.000138419232528524
02/06/2022,0.0189791475411838,0.000119343481651966
03/06/2022,-0.00429036716495548,0.000119429454150259
06/06/2022,-0.00714701472544876,8.85046478190949e-05
07/06/2022,0.0178259299215426,6.77631691994632e-05
08/06/2022,-0.00700479477597979,0.000111234188501437
09/06/2022,-0.019473961054536,0.000144675039116706
10/06/2022,-0.0127112984203976,0.000185168144776677
13/06/2022,-0.0128305366564426,0.000208632120535972
14/06/2022,-0.00773460975043329,0.000232449898142084
15/06/2022,0.00393435295455559,0.000547128471385127
16/06/2022,-0.00892188837180198,0.000224747638549312
17/06/2022,0.00116097379044374,0.00026127086863314
21/06/2022,0.00793522372066424,6.20460072491978e-05
22/06/2022,0.0101144459255015,0.0001630472480081
23/06/2022,0.00422884996896566,0.000138345912267305
24/06/2022,0.0218740455873056,9.62519317333094e-05
27/06/2022,-0.0067535618544072,0.000132886922357144
28/06/2022,-0.0239937385637454,0.000155879174596946
29/06/2022,-0.00315362898477748,0.000165099161989595
30/06/2022,0.00283662907063034,0.000252196601196768
01/07/2022,0.0118692709653439,0.00017419034440072
05/07/2022,0.015738571627422,0.000168527762456824
06/07/2022,0.00299035597104049,0.000185167831316777
07/07/2022,0.00983501287376623,4.53498726915783e-05
08/07/2022,0.00308994158330097,9.36395340805424e-05
11/07/2022,-0.0043408423887354,5.99720768273856e-05
12/07/2022,-0.00756231075485796,0.000107788530659083
13/07/2022,0.0104016617842698,0.000224137185207698
14/07/2022,0.0114273078869493,0.000125012400876909
15/07/2022,0.00590683127092204,5.66145624041113e-05
18/07/2022,-0.0166620369954387,6.63256535491063e-05
19/07/2022,0.0154867299845081,5.1364318927763e-05
20/07/2022,0.00565452869591086,0.00010750972868489
21/07/2022,0.0109916413887195,0.00013114041395989
22/07/2022,-0.00972695553915989,0.000103890955854539
25/07/2022,-0.00115044831361286,6.30101559565786e-05
26/07/2022,-0.00727059119637486,5.25555948683252e-05
27/07/2022,0.0164463143526789,0.000135456330126482
28/07/2022,0.00972839387737245,7.58879221900645e-05
29/07/2022,0.0109423649043138,4.72472180758076e-05
01/08/2022,0.00338483131211048,0.000102062475360593
02/08/2022,-0.00305790767065586,8.60756918584339e-05
03/08/2022,0.00971170126391912,5.25978170049243e-05
04/08/2022,-0.000985466888159633,5.45685889179887e-05
05/08/2022,0.00928570196322794,6.6229378762282e-05
08/08/2022,-0.00516846607462435,7.36911636261288e-05
09/08/2022,-0.00231596722662943,4.03358854338298e-05
10/08/2022,0.00252669255100786,4.68977441552205e-05
11/08/2022,-0.00719461123301634,5.50746882294513e-05
12/08/2022,0.0117125613359038,2.89989328182756e-05
15/08/2022,0.00925006427251536,3.07950988475689e-05
16/08/2022,0.00459938944627845,4.68633365420917e-05
17/08/2022,0.0017477747298895,5.66550237468725e-05
18/08/2022,0.00184458779981364,3.86051626123474e-05
19/08/2022,-0.00689356413831593,2.90688212620006e-05
22/08/2022,-0.00853015438815627,4.42038746988748e-05
23/08/2022,-0.0012636460819856,8.10124247626449e-05
24/08/2022,0.00359639475187678,3.43029368141026e-05
25/08/2022,0.00998903963117143,5.22651094646423e-05
26/08/2022,-0.0337927004024201,0.000298608955495955
29/08/2022,0.00125690235790342,9.64677145186156e-05
30/08/2022,-0.0139851628838029,0.000147830464669507
31/08/2022,-0.0119224329648707,0.0001130053538327
01/09/2022,0.00914479159528296,0.000132930585012295
02/09/2022,-0.0200403164351647,0.000175942015793697
06/09/2022,-0.00529689441020684,0.000169024795322124
07/09/2022,0.0181816595832399,7.87869032119671e-05
08/09/2022,0.0126865236934424,0.000170398170705948
09/09/2022,0.00880929910964339,5.02847636502629e-05
12/09/2022,0.00566727636769991,4.99159239831384e-05
13/09/2022,-0.0215001379060925,7.31720808717081e-05
14/09/2022,0.00057800626177138,0.000150815361089679
15/09/2022,-0.00667879557720935,0.000126936388206434
16/09/2022,0.00403048982314936,0.000123547342551504
19/09/2022,0.0164778710871174,8.8827198533126e-05
20/09/2022,-0.00232188301889874,7.66403654150492e-05
21/09/2022,-0.0228456607013204,0.000664475103029332
22/09/2022,-0.00492859691263392,0.000163806268220649
23/09/2022,-0.00634819511646898,0.000132814191042479
26/09/2022,-0.00562398898190279,0.000206137997626531
27/09/2022,-0.0122112438667239,0.00022420651436238
28/09/2022,0.0157169906345353,0.00014615539227342
29/09/2022,-0.0108239003425713,0.000165232508220862
30/09/2022,-0.0126800038058911,0.000154458823690227
03/10/2022,0.0153596739948849,0.000109028418563618
04/10/2022,0.0151698201154648,9.30762281964557e-05
05/10/2022,0.00951614502941348,0.000138371195247591
06/10/2022,-0.00595232208053557,0.000166264958046807
07/10/2022,-0.0168898950836257,0.000102596919810088
10/10/2022,-0.00999140160465588,0.00017265461827157
11/10/2022,-0.00135186847246281,0.000143886455526699
12/10/2022,-0.00438243664753455,0.000130532880539646
13/10/2022,0.0460016773045508,0.00035814010903172
14/10/2022,-0.0291870891359259,0.000357539940050603
17/10/2022,0.00851036655770147,0.000124170314600708
18/10/2022,-0.0108777407200888,0.00018549530477999
19/10/2022,-0.00100211893315594,0.000141789460174611
20/10/2022,-0.00675439814196143,0.000157618527683668
21/10/2022,0.0238910773473371,0.000183901911670746
24/10/2022,0.00737241183613533,0.000192948837022078
25/10/2022,0.0153920597340265,7.81308542881421e-05
26/10/2022,0.00140605689648214,0.0001219707915866
27/10/2022,-0.00817295119648825,0.000143255991935042
28/10/2022,0.0235363150809553,6.81454528139192e-05
31/10/2022,0.000277838466241411,9.16730621383299e-05
01/11/2022,-0.0143401231059555,9.80616464880088e-05
02/11/2022,-0.0228509390963718,0.000377325605277239
03/11/2022,-0.00159036791288945,0.00013413505111229
04/11/2022,-0.00233937256263364,0.000295268792420146
07/11/2022,0.00555040632913029,6.38321619493264e-05
08/11/2022,0.0018541784846238,0.000132571493747752
09/11/2022,-0.0146501592732236,0.000117614027368563
10/11/2022,0.0169648417953522,0.000139494469217941
11/11/2022,0.00791454943191629,9.17635076918437e-05
14/11/2022,-0.00409557702936701,7.4378388963984e-05
15/11/2022,-0.00577818378833801,0.000190298219169102
16/11/2022,-0.00269221807613937,5.38937622775148e-05
17/11/2022,0.0098585240861885,7.19473193932445e-05
18/11/2022,-0.00470770729908871,9.40046465067294e-05
21/11/2022,0.000242773063510623,4.10103254652841e-05
22/11/2022,0.00800105677075779,2.58741482849757e-05
23/11/2022,0.00673691766796641,6.18328311073044e-05
28/11/2022,-0.00745312063445399,4.06663036005535e-05
29/11/2022,-0.00187987157839407,5.92876929707502e-05
30/11/2022,0.029882792985038,0.000145483874634826
01/12/2022,-0.00366765941732116,8.38591857020176e-05
02/12/2022,0.012133752094863,6.95852276775331e-05
05/12/2022,-0.0103452306468429,4.71998332425039e-05
06/12/2022,-0.0136099514558766,6.78060510732347e-05
07/12/2022,0.00138785781705663,9.53887828440528e-05
08/12/2022,0.00260095096870954,7.25510001030873e-05
09/12/2022,-0.00437179526385884,5.3381366076683e-05
12/12/2022,0.0115840138123648,4.1799872621863e-05
13/12/2022,-0.0206849190659638,0.000291952913292229
14/12/2022,-0.00644119436959305,0.000377389904391539
15/12/2022,-0.0120256774944163,0.000103146447889902
16/12/2022,-0.00482879607211324,0.000104372106284027
19/12/2022,-0.00904279538464361,6.65569887424024e-05
20/12/2022,0.00265856660605938,7.1275707551368e-05
21/12/2022,0.00723533476278889,5.64910586176702e-05
22/12/2022,-0.00572817689927492,9.68837223815849e-05
23/12/2022,0.00862319743877653,0.000108769328276822
27/12/2022,-0.00371497463695665,5.24583931580696e-05
28/12/2022,-0.0125147773633864,8.39147998175978e-05
29/12/2022,0.0099755749818065,3.06475324756093e-05
30/12/2022,0.00399887735701189,9.07841613788155e-05
03/01/2023,-0.00967453414533064,0.000144883366883633
04/01/2023,0.00107749359660908,0.00015176404152563
05/01/2023,-0.00627160379387322,9.35324788816509e-05
06/01/2023,0.0136834905561105,0.000127114741872473
09/01/2023,-0.0064928007051835,5.605136189682e-05
10/01/2023,0.00848180941654286,9.14992204149495e-05
11/01/2023,0.00771262197147568,3.26366140397087e-05
12/01/2023,1.43551825998092e-05,0.000159329125126189
13/01/2023,0.0120874339741159,3.77770033745349e-05
17/01/2023,-0.00209733082777032,3.587892238222e-05
18/01/2023,-0.0187623620903979,4.68461033416555e-05
19/01/2023,-0.00198481255484721,5.90444860290944e-05
20/01/2023,0.0143476627031955,5.77991470403773e-05
23/01/2023,0.00906743512591521,6.56768797476345e-05
24/01/2023,0.00415082131638377,6.69888542480461e-05
25/01/2023,0.0106087731598322,6.21341476053786e-05
26/01/2023,0.00372345795115046,9.37610233941845e-05
27/01/2023,0.00472536674785535,4.83352761964694e-05
30/01/2023,-0.0048452084761739,5.37391723924612e-05
31/01/2023,0.0129485580920489,4.4117119360682e-05
01/02/2023,0.0140043835845994,0.000204553167587192
02/02/2023,0.00454399540574721,8.54521745237933e-05
03/02/2023,0.00167880180186465,0.000113931062229773
06/02/2023,0.00022249844183566,4.49175523528e-05
07/02/2023,0.0146634770854771,0.000173928239489246
08/02/2023,-0.00650108442213831,8.1099247493806e-05
09/02/2023,-0.017900368017048,7.9455307831781e-05
10/02/2023,0.00568275063387671,5.56966429600807e-05
13/02/2023,0.00968265693958897,3.04626511967021e-05
14/02/2023,0.00318836788647036,0.000147224328046997
15/02/2023,0.00806806298814757,5.55528127182144e-05
16/02/2023,-0.00134592982683999,4.88671239167408e-05
17/02/2023,0.00309249958748413,6.37949763344676e-05
21/02/2023,-0.00959861198283712,3.31405863419318e-05
22/02/2023,-0.0023714752127778,6.35898464488686e-05
23/02/2023,-0.00245216086653662,5.40097811700294e-05
24/02/2023,0.00217287531914271,6.12182465143963e-05
27/02/2023,-0.00599005759416074,4.05754522018164e-05
28/02/2023,-0.00319956454881434,2.91713937280884e-05
01/03/2023,-0.00185587109054601,5.7118860981053e-05
02/03/2023,0.0127682074252709,4.61702814845105e-05
03/03/2023,0.0109452647346514,3.27191053203358e-05
06/03/2023,-0.00185196010252028,2.53226392483969e-05
07/03/2023,-0.0153758109310974,0.000104167378975077
08/03/2023,0.001394680459696,5.29302940004081e-05
09/03/2023,-0.0204918861541697,8.55400417358697e-05
10/03/2023,-0.0126343882139965,0.000195111091650383
13/03/2023,0.00906757880512935,0.000359250965872906
14/03/2023,0.00384706850825336,0.000114701945823466
15/03/2023,0.00875928406419842,0.000167855039048494
16/03/2023,0.0232961245045023,0.000108522822595781
17/03/2023,-0.00798542254437974,0.000118494693324173
20/03/2023,0.00705748427541355,6.39919489568654e-05
21/03/2023,0.00370522842615065,3.70374210639854e-05
22/03/2023,-0.0163013669690096,0.00018957720233597
23/03/2023,-0.00470157389729618,0.000108012605493544
24/03/2023,0.0095001981783964,0.000103498740614734
27/03/2023,-0.00410933595112267,4.41548282489058e-05
28/03/2023,-0.000640781942280659,3.12841125045736e-05
29/03/2023,0.00336804799613679,2.06853069979355e-05
30/03/2023,-0.00109687339801729,2.02453046680772e-05
31/03/2023,0.0112570361263887,2.32624264397173e-05
03/04/2023,0.00479506046980917,2.54516510555732e-05
04/04/2023,-0.00692875586278321,3.79453537482102e-05
05/04/2023,-0.000510979600993161,3.07008235885875e-05
06/04/2023,0.00587959690014486,1.77537184394531e-05
10/04/2023,0.0073772126876368,2.43296594008499e-05
11/04/2023,-0.00180330026979217,1.3115626360284e-05
12/04/2023,-0.00935078015995281,5.63666825447069e-05
13/04/2023,0.0101468448283761,1.81112620780344e-05
14/04/2023,-0.00104845905333083,5.55427908965003e-05
17/04/2023,0.00397683531337629,1.72454524314263e-05
18/04/2023,-0.00312168992539794,2.88880395704181e-05
19/04/2023,0.00463343006175458,1.30347587218065e-05
20/04/2023,0.00168493365685464,2.51928364579489e-05
21/04/2023,-0.000315387719405238,3.45379490493015e-05
24/04/2023,0.00140594944124037,1.58065025581159e-05
25/04/2023,-0.010706259324104,2.93517045275944e-05
26/04/2023,-0.00572157071761328,2.80004671764153e-05
27/04/2023,0.0130435353725567,2.27289367051445e-05
28/04/2023,0.010888272871783,5.17002615431746e-05
01/05/2023,0.00016281873578267,2.17925630539193e-05
02/05/2023,-0.00927154814487233,4.14254724601049e-05
03/05/2023,-0.00827357200948616,4.91628324654458e-05
04/05/2023,-0.00420203577457326,7.49336961388479e-05
05/05/2023,0.00844498406036607,2.40930128911833e-05
08/05/2023,-0.000915873280144375,1.98313447194353e-05
09/05/2023,-0.000461128758629872,1.67804533465725e-05
10/05/2023,-0.00246396379790377,6.95487372389861e-05
11/05/2023,0.000598272325431444,4.54979705147198e-05
12/05/2023,-0.00454132207699378,3.48239549164049e-05
15/05/2023,0.00172018532155545,2.36977951263756e-05
16/05/2023,-0.00421938547521308,3.12387641150725e-05
17/05/2023,0.00665706648211645,2.63112644825449e-05
18/05/2023,0.010336103656664,4.53993248219159e-05
19/05/2023,-0.00357823849381858,3.76001636270176e-05
22/05/2023,0.000572148622951051,3.80398856780996e-05
23/05/2023,-0.00723793278600264,4.35911281273654e-05
24/05/2023,-0.00297858753018344,3.50832360207457e-05
25/05/2023,-0.000453867469830546,5.36546706653738e-05
26/05/2023,0.010530673100258,2.80467750645307e-05
30/05/2023,-0.00470809800542529,3.82753200852945e-05
31/05/2023,-0.00134978857896452,2.4969564012733e-05
01/06/2023,0.00811667793926587,3.19140152401574e-05
02/06/2023,0.0074938912172014,3.7964305436176e-05
05/06/2023,-0.00325679799051024,4.05840148248805e-05
06/06/2023,0.00302105760397001,2.07973306242413e-05
07/06/2023,-0.00431600936264521,2.63491178612644e-05
08/06/2023,0.00545195184920517,1.32195290331048e-05
09/06/2023,-0.000613206646383022,2.56385233483217e-05
12/06/2023,0.00657322691197055,1.11114146627627e-05
13/06/2023,0.00296160013463453,2.14150416458273e-05
14/06/2023,0.000465070806707413,8.20081793787183e-05
15/06/2023,0.0139013670047981,3.42525426175166e-05
16/06/2023,-0.00850210446180797,3.52232666954417e-05
20/06/2023,-0.000899253845495343,2.29796582356164e-05
21/06/2023,-0.003002169142052,2.80623520635263e-05
22/06/2023,0.00598336523601991,2.83314457485185e-05
23/06/2023,0.000756432909824412,1.72085619961329e-05
26/06/2023,-0.00251186753348904,2.528783730029e-05
27/06/2023,0.00877728575741447,1.49571104746256e-05
28/06/2023,0.00321850429354152,3.52617947864747e-05
29/06/2023,0.00483187135214532,2.1087659926523e-05
30/06/2023,0.00404036761276556,2.07333225688201e-05
05/07/2023,0.00264953434475697,1.05947834580924e-05
06/07/2023,0.000657156081876214,1.87890260915806e-05
07/07/2023,-0.000148943793861681,2.3413950149041e-05
10/07/2023,0.00353987124699808,2.32461696259349e-05
11/07/2023,0.00460618061690116,2.76205720898619e-05
12/07/2023,-0.000943286621453061,1.79379228297943e-05
13/07/2023,0.00370576545884039,1.11971811052449e-05
14/07/2023,-0.00275352978768637,1.6801947060954e-05
17/07/2023,0.00380294538690234,8.96326154513735e-06
18/07/2023,0.00819726364423683,1.48143391932649e-05
19/07/2023,0.000308097391890201,1.86552764177775e-05
20/07/2023,-0.0041865565398197,2.15696860315603e-05
21/07/2023,-0.00424978200555369,2.4170234545144e-05
24/07/2023,0.00189705215414695,2.19328947345093e-05
25/07/2023,0.00338308088895692,9.87961216918802e-06
26/07/2023,0.00258335861928493,4.52140340924602e-05
27/07/2023,-0.0143715977776485,3.73727890848684e-05
28/07/2023,0.00249052231398518,2.88663480010128e-05
31/07/2023,0.000723971762055526,1.98936336062263e-05
01/08/2023,0.000488593023869777,1.36050017539267e-05
02/08/2023,-0.00694298591196794,2.67922662262852e-05
03/08/2023,0.00185133275947089,2.82521017810781e-05
04/08/2023,-0.00854621701271983,5.39796009277376e-05
07/08/2023,0.00433824623722183,2.61543076266189e-05
08/08/2023,0.00165964850975765,2.80927121316036e-05
09/08/2023,-0.00743056662356148,3.25474343371227e-05
10/08/2023,-0.00499437285897964,6.79439501362032e-05
11/08/2023,0.00357740607534918,3.45481331255553e-05
14/08/2023,0.00743391341620045,1.89999313323735e-05
15/08/2023,-0.00762028832720574,3.23789337031923e-05
16/08/2023,-0.00584694634954998,4.17295734192747e-05
17/08/2023,-0.0111529270259197,3.73606059033584e-05
18/08/2023,0.00713869470203069,3.92785956759986e-05
21/08/2023,0.0040333608967729,3.10243109007986e-05
22/08/2023,-0.00733673341369938,3.67185666254937e-05
23/08/2023,0.0079500861391999,1.74113489093969e-05
24/08/2023,-0.017644337487859,4.71197646774582e-05
25/08/2023,0.00252128719102125,0.00010419811237804
28/08/2023,0.000858879899029984,2.66015670499903e-05
29/08/2023,0.0142310359673108,2.9755360541913e-05
30/08/2023,0.00329270882131726,3.43153780037236e-05
31/08/2023,-0.00296957473867408,1.96724570796113e-05
01/09/2023,-0.00401185123841655,2.74097328592825e-05
05/09/2023,-0.00350427556061842,1.56465339826209e-05
06/09/2023,-0.00474678473738451,3.17748815188188e-05
07/09/2023,0.0039732567103783,2.98369768574652e-05
08/09/2023,0.00135151091519105,2.44487061840962e-05
11/09/2023,0.000602661253070996,1.68059018237999e-05
12/09/2023,-0.00214068194152279,2.10055951219108e-05
13/09/2023,0.000308207214071618,2.79429386611376e-05
14/09/2023,0.00285513546351648,1.42905635912202e-05
15/09/2023,-0.00871594454483874,2.04227654798979e-05
18/09/2023,0.00128730232708886,1.39579727692e-05
19/09/2023,0.000482536073282664,1.93788495736427e-05
20/09/2023,-0.0124555806695321,4.35023980794619e-05
21/09/2023,-0.00997169418535069,3.14575626100324e-05
22/09/2023,-0.00507800210619476,4.40686019765111e-05
25/09/2023,0.00724909634182775,5.06369667114308e-05
26/09/2023,-0.00732773684953541,3.68818459984648e-05
27/09/2023,-0.0027322435978744,6.47339065591402e-05
28/09/2023,0.0063314796006644,7.5268874627516e-05
29/09/2023,-0.0100047578236583,7.0228079562061e-05
02/10/2023,0.00207791105428271,7.83418224291741e-05
03/10/2023,-0.00773555343936652,6.24452856617632e-05
04/10/2023,0.00677203285024004,7.59483145385668e-05
05/10/2023,3.54138526194212e-05,5.41096553506792e-05
06/10/2023,0.0173577411297403,7.20285092456187e-05
09/10/2023,0.0106528288719649,4.06437726401997e-05
10/10/2023,0.00307061956521986,3.20741895388194e-05
11/10/2023,0.00143640974464835,3.14774336706732e-05
12/10/2023,-0.00775575176178132,4.39851008913099e-05
13/10/2023,-0.00869215513548769,6.67931834884092e-05
16/10/2023,0.00479216399086272,3.81664763644589e-05
17/10/2023,0.00726117344482422,4.67508234332885e-05
18/10/2023,-0.0090950576435524,7.44880898581202e-05
19/10/2023,-0.0110474906414008,0.000139039644785452
20/10/2023,-0.0107427354915672,7.37148967991584e-05
23/10/2023,0.00180412985275957,7.92431510801113e-05
24/10/2023,0.00238035514371469,4.88782316854969e-05
25/10/2023,-0.0098872783213698,5.26883322209784e-05
26/10/2023,-0.00940340075748635,9.32925376419263e-05
27/10/2023,-0.00827825318957774,6.35284008230621e-05
30/10/2023,0.00469669833010009,4.80093606244307e-05
31/10/2023,0.00469668868610108,4.55665288141528e-05
01/11/2023,0.00821634273212778,6.05427191120555e-05
02/11/2023,0.00928312727102546,2.56345579500256e-05
03/11/2023,0.00298135806020034,2.61422302567875e-05
06/11/2023,0.000174101838210964,1.76114078853185e-05
07/11/2023,0.00287255747437616,2.07896989394139e-05
08/11/2023,-0.000936489717843724,2.48795233605415e-05
09/11/2023,-0.010873390071977,5.4752410770926e-05
10/11/2023,0.0106450923925851,2.76977612127575e-05
13/11/2023,0.00223465431349097,1.53904033920119e-05
14/11/2023,0.00497384220525406,2.13825248489335e-05
15/11/2023,-0.00111412725106991,2.0078766338156e-05
16/11/2023,0.00176224623169594,2.30061513213844e-05
17/11/2023,0.00151381866581075,1.0737869417276e-05
20/11/2023,0.00813292579018487,1.61198608593589e-05
21/11/2023,8.55071886030688e-05,1.15858189753544e-05
22/11/2023,4.17184792868533e-06,3.47148073819e-05
27/11/2023,-0.000312398694661849,8.59010234033584e-06
28/11/2023,0.00172999458240676,1.77882862375699e-05
29/11/2023,-0.00566246182838957,2.03804430400051e-05
30/11/2023,0.00169785299894087,4.07927568914343e-05
01/12/2023,0.00710429015494774,2.76544415083432e-05
04/12/2023,0.00236892781872756,1.70881453246698e-05
05/12/2023,0.00308121639524702,3.57864845175361e-05
06/12/2023,-0.00914552170232593,2.38032724028561e-05
07/12/2023,0.0025267799120197,1.64985239145637e-05
08/12/2023,0.004899823866328,2.88939766338092e-05
11/12/2023,0.00468302403488622,1.20465090889639e-05
12/12/2023,0.00565916515686934,1.20062223960376e-05
13/12/2023,0.0127722023852697,5.32725965986407e-05
14/12/2023,-0.00121317980893568,3.88748553132198e-05
15/12/2023,-0.00040893512266347,2.81885579801706e-05
18/12/2023,0.00177360594118409,9.17437721743392e-06
19/12/2023,0.00466650655363376,7.50638411249003e-06
20/12/2023,-0.0126570982807495,4.63371473091744e-05
21/12/2023,0.00269850245293993,4.61335040558886e-05
22/12/2023,-0.000155086192877757,2.03380326858493e-05
26/12/2023,0.00324507971724527,7.1606560911923e-06
27/12/2023,0.00220344732801737,1.86738202745462e-05
28/12/2023,-0.000415886227671866,9.43192844811276e-06
29/12/2023,-0.00236217754866318,1.78170913004892e-05
02/01/2024,0.00108381011310558,2.459734741944e-05
03/01/2024,-0.00359500867445517,2.89834052420141e-05
04/01/2024,-0.00216110089417209,2.08240273261519e-05
05/01/2024,0.00113931803228566,4.4214523005997e-05
08/01/2024,0.0126684679736892,2.2689745819735e-05
09/01/2024,0.00431104600668093,2.48244127930638e-05
10/01/2024,0.00481596930754984,2.20940833871242e-05
11/01/2024,-0.00310515055167959,5.79099121010834e-05
12/01/2024,-0.00267120653225747,2.8043546798476e-05
16/01/2024,-0.000829939830504586,3.35035548263074e-05
17/01/2024,0.00104012891521959,2.47961142865211e-05
18/01/2024,0.00450703326478129,2.58464763768593e-05
19/01/2024,0.00968510065925263,1.9178082757808e-05
22/01/2024,-0.00123201580227442,2.25900698386666e-05
23/01/2024,0.00179166261918166,9.5831806172778e-06
24/01/2024,-0.00526311760455528,2.61478325051533e-05
25/01/2024,0.000486869540213294,2.41109803813289e-05
26/01/2024,-0.000522033843032402,1.65179054769139e-05
29/01/2024,0.00701185962810925,1.63940564412982e-05
30/01/2024,0.000397656051887756,9.05582561185302e-06
31/01/2024,-0.01166764975309,5.57597959115371e-05
01/02/2024,0.00928971570679681,4.73549749524485e-05
02/02/2024,0.00898832824203912,5.01033863092436e-05
05/02/2024,-0.00248594221933505,2.93233578509072e-05
06/02/2024,0.000880569213509882,2.32642237012703e-05
07/02/2024,0.00326425643670967,1.69226404677043e-05
08/02/2024,0.00055072038689019,9.03014017990699e-06
09/02/2024,0.00439407687557195,6.09843605440699e-06
12/02/2024,-0.000615776961977607,1.78857535443805e-05
13/02/2024,-0.000547786004276914,3.49151826109629e-05
14/02/2024,0.00332564692630706,3.37196944171591e-05
15/02/2024,0.00504813173547007,2.11939821627961e-05
16/02/2024,-0.00447536767560731,3.58832701072452e-05
20/02/2024,-0.00187176328286894,4.05243464844586e-05
21/02/2024,0.00318284875972485,2.61055508946113e-05
22/02/2024,0.00670269169520759,2.86685034958586e-05
23/02/2024,-0.00321392860037198,2.0797653541277e-05
26/02/2024,-0.00487925031117366,1.21422528216131e-05
27/02/2024,9.46969761002764e-05,1.06063694394186e-05
28/02/2024,0.00169061785025453,1.17956010925012e-05
29/02/2024,-0.000383920374144641,2.79597203003568e-05
01/03/2024,0.00740338243743629,1.54784234531628e-05
04/03/2024,0.000360311468470394,1.00421381533516e-05
05/03/2024,-0.0058333392613586,3.1407905911942e-05
06/03/2024,-0.00171025373371098,5.51309632994658e-05
07/03/2024,0.00327754456510265,1.5764420850067e-05
08/03/2024,-0.00721922718910632,5.58598337051546e-05
11/03/2024,0.00154518303126835,3.19336007776809e-05
12/03/2024,0.00627012190270476,4.83541547622119e-05
13/03/2024,-0.00244329531431371,1.64327745337786e-05
14/03/2024,-0.0041454048888314,4.92598422732328e-05
15/03/2024,-0.000870426547566082,2.66206386734177e-05
18/03/2024,-0.00238585812423164,1.90588326873267e-05
19/03/2024,0.00689941202909091,1.43163648191175e-05
20/03/2024,0.0083683121916395,6.27754174655801e-05
21/03/2024,-0.00242549669589408,1.51079308996849e-05
22/03/2024,-0.0018521629560837,1.3941572480305e-05
25/03/2024,-2.94849189255533e-05,6.52291356678398e-06
26/03/2024,-0.00497000156891796,6.59270037959246e-06
27/03/2024,0.00254314063505658,1.82027576411638e-05
28/03/2024,-0.000493740101667157,1.00145685084084e-05
01/04/2024,-0.00321295651817591,2.0449015008401e-05
02/04/2024,0.00114920425261974,1.48485353771783e-05
03/04/2024,0.0030389788145555,3.06870220053757e-05
04/04/2024,-0.0203774995688802,7.11260332319898e-05
05/04/2024,0.00786317236491512,5.26669231476565e-05
08/04/2024,-0.000935579904843821,1.67088859076001e-05
09/04/2024,-0.00256104499302056,5.72000550115041e-05
10/04/2024,0.00143364622413989,8.65453110970873e-05
11/04/2024,0.00437575859296276,3.64455395028762e-05
12/04/2024,-0.00700767990412788,4.82074437705417e-05
15/04/2024,-0.0208434245831021,7.89557079802016e-05
16/04/2024,-0.00285946702446774,0.000105811828995738
17/04/2024,-0.0112119452931244,8.97199342574841e-05
18/04/2024,-0.00463935514935218,6.87376540213155e-05
19/04/2024,-0.00855648684623643,6.90898777211186e-05
22/04/2024,0.00341193957408743,4.18645506728752e-05
23/04/2024,0.00777523666945201,2.50134065304649e-05
24/04/2024,-0.00229080714010146,3.77628327931532e-05
25/04/2024,0.00876112253294418,4.72305937971293e-05
26/04/2024,0.00374639408927519,2.53413450272142e-05
29/04/2024,-0.000510025150254038,3.28398867750934e-05
30/04/2024,-0.0130360408441902,5.30321522795504e-05
01/05/2024,-0.00228153704932829,0.000118620481189766
02/05/2024,0.00120578665785791,6.10175770884869e-05
03/05/2024,0.00038933160138074,3.75115321182805e-05
06/05/2024,0.00519399019698559,8.61249593372203e-06
07/05/2024,-0.000683377010540674,1.3082376715264e-05
08/05/2024,0.00346878569211078,8.12155292055289e-06
09/05/2024,0.00528153340132099,1.14810772765685e-05
10/05/2024,-0.00194150534192738,1.6567615955917e-05
13/05/2024,-0.00293264956251551,9.18732726967902e-06
14/05/2024,0.00401584066774107,1.91460259960854e-05
15/05/2024,0.00746194888757283,1.14164418960689e-05
16/05/2024,-0.00237551980556547,2.36720216936062e-05
17/05/2024,0.00117549420182643,1.01310761150979e-05
20/05/2024,0.000693056627372703,9.20861016043909e-06
21/05/2024,0.00377283224652724,6.63690955758287e-06
22/05/2024,-0.00159031654504604,2.48861080116097e-05
23/05/2024,-0.0131287790667296,4.54296090367632e-05
24/05/2024,0.00350020576636559,2.25313528947581e-05
28/05/2024,-0.000615395010462301,2.05592658194442e-05
29/05/2024,0.000431668314637333,1.73813368307805e-05
30/05/2024,-0.00364372047381416,2.34294935006399e-05
31/05/2024,0.00742803370188803,5.06314095805998e-05
03/06/2024,0.00111591300695319,3.87641070020982e-05
04/06/2024,0.00341559388848931,4.22927413249223e-05
05/06/2024,0.0075250096312419,1.88560847443056e-05
06/06/2024,-0.000550062493551349,1.36758067484386e-05
07/06/2024,0.000576146866629833,3.6891267228354e-05
10/06/2024,0.00437202650669174,1.26357804221332e-05
11/06/2024,0.00546670495875047,2.26109574690879e-05
12/06/2024,-0.000605946582546302,4.29160928217955e-05
13/06/2024,-0.0017942690609092,2.51086256403513e-05
14/06/2024,0.00341744698815178,2.35023636142487e-05
17/06/2024,0.00889167318207724,1.95896767895115e-05
18/06/2024,0.002308821018398,1.1565979423306e-05
20/06/2024,-0.00437377991332834,4.25452341444171e-05
21/06/2024,-0.000318509528280947,2.16375422846587e-05
24/06/2024,-0.00297830785895247,3.74169596188457e-05
25/06/2024,0.00172387387217999,1.43378858192382e-05
26/06/2024,0.00335627508246152,1.99035696678197e-05
27/06/2024,0.00181601996153397,2.18164388178905e-05
28/06/2024,-0.00498222269495479,3.87012086618719e-05
01/07/2024,-0.000372996030519008,4.25670096530019e-05
02/07/2024,0.00971236105947801,1.50286088942664e-05
05/07/2024,0.00528612333706258,1.06821436002152e-05
08/07/2024,8.9355494690051e-05,6.60423560906834e-06
09/07/2024,-0.00074626164373977,9.74999076284467e-06
10/07/2024,0.00749148356517155,8.70117406091496e-06
11/07/2024,-0.00876413470064144,4.08454465263457e-05
12/07/2024,0.00421144831606706,2.49493562961231e-05
15/07/2024,-0.000980807169970946,3.28874211003427e-05
16/07/2024,0.00381003500398587,2.11362142058978e-05
17/07/2024,-0.00321976358300561,2.87929241059582e-05
18/07/2024,-0.00975904216012928,8.29726552949468e-05
19/07/2024,-0.00642532024302316,5.52687773136888e-05
22/07/2024,0.0029982638406083,4.79389589080505e-05
23/07/2024,-0.00121909139273794,2.60846226990774e-05
24/07/2024,-0.0142855682459315,3.81113027723841e-05
25/07/2024,-0.00523487001269552,9.5805213296439e-05
26/07/2024,0.00369818655637698,8.62733309506747e-05
29/07/2024,-0.00269904741778202,4.81715853950415e-05
30/07/2024,-0.00784738613485886,5.74593982277768e-05
31/07/2024,0.00295358158890821,5.9364049370454e-05
01/08/2024,-0.0173425513603045,9.20786553502052e-05
02/08/2024,-0.00531310539455202,0.000141796872706973
05/08/2024,0.0118977466479487,0.000389724749403811
06/08/2024,0.00528013140970424,0.00014919973086083
07/08/2024,-0.0188932551508442,0.000143345931801033
08/08/2024,0.0126977121353417,0.000102440277105131
09/08/2024,0.00571855988335747,7.57287904498153e-05
12/08/2024,-0.00156956991115808,8.4635936261252e-05
13/08/2024,0.00998258284648938,2.52763668974953e-05
14/08/2024,0.00179116264310129,4.7203240507464e-05
15/08/2024,0.00632783600453527,1.70736010962908e-05
16/08/2024,0.00503380048531352,1.57742037984552e-05
19/08/2024,0.00867396096261961,2.2823330864458e-05
20/08/2024,-0.000572783794720536,2.34212520293518e-05
21/08/2024,0.00136154035415081,4.07806108719328e-05
22/08/2024,-0.0117127911848365,5.3270839742661e-05
23/08/2024,0.00489830465511011,8.4222512478559e-05
26/08/2024,-0.00420954299714128,2.36787874492099e-05
27/08/2024,0.00387200170287934,1.69935224747324e-05
28/08/2024,-0.00406270496740729,4.65728668337554e-05
29/08/2024,-0.00354424535434906,4.59566708077521e-05
30/08/2024,0.00517785082970177,3.7294686962704e-05
03/09/2024,-0.0145886047677452,5.40125980732259e-05
04/09/2024,0.00122068263235009,4.80130799199048e-05
05/09/2024,-0.00200050096166708,6.39729793765476e-05
06/09/2024,-0.0176640965514185,9.56672993461826e-05
09/09/2024,0.00331474181756091,4.08341672786194e-05
10/09/2024,0.000597954909782386,5.02202847244689e-05
11/09/2024,0.0102579901482001,8.61612514780259e-05
12/09/2024,0.0068960961957624,5.30461352906991e-05
13/09/2024,0.00357203189354611,2.45656240538461e-05
16/09/2024,0.00183591327962957,2.8626007687431e-05
17/09/2024,-0.00346535578140369,3.90230715001107e-05
18/09/2024,-0.00434572671485602,0.000127858612869752
19/09/2024,5.77850842211776e-05,3.7575465310891e-05
20/09/2024,0.000973527115724877,2.19946665427547e-05
24/09/2024,0.0013599043261966,1.70168042411933e-05
25/09/2024,-0.00175061560472255,1.03528548602595e-05
26/09/2024,-0.00334227444746309,2.11561489662259e-05
27/09/2024,-0.00326148515366653,1.54303351171892e-05
30/09/2024,0.00649108565833193,2.90187370065889e-05
01/10/2024,-0.00813644552258142,8.28288657260342e-05
02/10/2024,0.00270313272298985,5.01850131178773e-05
03/10/2024,0.00115991286230949,6.2744779213592e-05
04/10/2024,0.000847621171106178,4.98765398031977e-05
07/10/2024,-0.00581962385892631,2.26428692766349e-05
08/10/2024,0.00431973023170124,1.60078774640242e-05
09/10/2024,0.00714721067193052,1.4457945140574e-05
10/10/2024,0.000820237619691255,1.74767380677535e-05
11/10/2024,0.00590672341914226,1.62539021417181e-05
14/10/2024,0.00515722162769353,1.25885747835003e-05
15/10/2024,-0.00830831385372178,2.25088494968211e-05
16/10/2024,0.00369436148324039,1.35107269157258e-05
17/10/2024,-0.00587571998199689,2.77479828385033e-05
18/10/2024,0.000771741083958047,1.72159572738391e-05
21/10/2024,-0.000481437801540119,1.65476651623368e-05
22/10/2024,0.00375685547027132,1.13498835098271e-05
23/10/2024,-0.00506279678287077,3.00039435445312e-05
24/10/2024,-0.00163750114783359,2.87057352194542e-05
25/10/2024,-0.00396896129862722,3.60507816584432e-05
28/10/2024,-0.00327660488766454,1.55452427055405e-05
29/10/2024,0.00286103433761809,2.73117374852532e-05
30/10/2024,-0.0021375780715652,2.18467355833078e-05
31/10/2024,-0.0115622600557,5.69117767319336e-05
01/11/2024,1.23404260083441e-05,4.89689608253176e-05
04/11/2024,-0.00208959860846752,3.33084972128253e-05
05/11/2024,0.00979195503869729,3.04860330647341e-05
06/11/2024,0.00292874263421691,3.42934895308655e-05
07/11/2024,0.00423509795440454,1.42467700626701e-05
08/11/2024,0.00311676384891718,9.30432595078669e-06
11/11/2024,-0.00221667824662315,1.1495013825868e-05
12/11/2024,-0.00288656679430124,1.91037160355634e-05
13/11/2024,-0.000203444151341831,2.38629900796162e-05
14/11/2024,-0.00644229858241432,4.49990750240775e-05
15/11/2024,-0.0063042909026769,2.97478164555126e-05
18/11/2024,0.00318014513168322,2.41062983106532e-05
19/11/2024,0.00947230779842508,1.99815313098736e-05
20/11/2024,0.000501090923960682,4.99653058421776e-05
21/11/2024,0.000405860616242207,9.17721031669805e-05
22/11/2024,0.00304696330962935,3.56711941768222e-05
25/11/2024,-0.00279869098820087,2.69089588321601e-05
26/11/2024,0.0033464407539819,1.42413112604805e-05
27/11/2024,-0.00247399831749605,1.33663729380889e-05
02/12/2024,0.00103612970537787,7.82038770254114e-06
03/12/2024,0.00078212609449765,6.73224138664796e-06
04/12/2024,0.00325236541293792,6.44657177500667e-06
05/12/2024,-0.00182161904301932,9.95616218914997e-06
06/12/2024,0.000551125775404532,9.5453974097561e-06
09/12/2024,-0.00492279371008258,9.54546182074744e-06
10/12/2024,-0.00397650805789609,1.30864199385269e-05
11/12/2024,0.00271444344035143,5.36762609446573e-06
12/12/2024,-0.00331868109433592,1.21399517894994e-05
13/12/2024,-0.00365306861540877,1.86517018368924e-05
16/12/2024,0.00101537112366052,7.43952596060635e-06
17/12/2024,3.5154663977564e-05,1.37688173287622e-05
18/12/2024,-0.0297235610427716,0.000202637878218551
19/12/2024,-0.00800490836132912,0.000102502952186908
20/12/2024,0.0160595547560867,0.000120014894819473
23/12/2024,0.00668332460301053,3.6315704256895e-05
26/12/2024,0.00270802781741706,2.99504047012831e-05
27/12/2024,-0.00377459359743098,7.30390176126432e-05
30/12/2024,0.0015309672518594,6.33562237517722e-05
31/12/2024,-0.00674843931178523,7.87194687369404e-05
02/01/2025,-0.00821313641107385,0.000150604097998056
03/01/2025,0.00743149803391396,3.60432421887673e-05
06/01/2025,-0.00125177454993122,2.70825595676886e-05
07/01/2025,-0.0145267925858891,8.09064018757642e-05
08/01/2025,0.000391645119555461,9.07863091544419e-05
10/01/2025,-0.0079269455683213,9.80134240256488e-05
13/01/2025,0.00987832111414094,6.57508241302153e-05
14/01/2025,-0.00358981599375691,7.33587206334596e-05
15/01/2025,0.00395703959360608,3.01232270287651e-05
16/01/2025,-0.00413497449851957,3.54851745242984e-05
17/01/2025,0.000804275858912936,1.81246897657935e-05
21/01/2025,0.00351135131616274,2.72122685991691e-05
22/01/2025,0.00021154805090977,6.643650733661e-06
23/01/2025,0.00673115604503375,9.49302416728193e-06
24/01/2025,-0.00328574795794675,1.21258217742848e-05
27/01/2025,0.00777594401436306,8.08468364662794e-05
28/01/2025,0.00610213523394772,3.7367106199861e-05
29/01/2025,-0.0035909246939652,6.74235801356439e-05
30/01/2025,0.00164535852816598,7.43776628326115e-05
31/01/2025,-0.00913912945513997,5.7188085415975e-05
03/02/2025,0.00878896784353688,0.000122748401087935
04/02/2025,0.00621075040360766,2.40895039580458e-05
05/02/2025,0.0061828821193405,2.27326105727329e-05
06/02/2025,0.000513059750375204,2.21768781227101e-05
07/02/2025,-0.00999344856169356,0.000107847899384682
10/02/2025,0.00126820714768737,9.25925469654553e-06
11/02/2025,0.00459357818861736,1.28569497343819e-05
12/02/2025,0.00689883478285016,3.74748689693938e-05
13/02/2025,0.00848058105855829,2.25185101279749e-05
14/02/2025,-0.000466780345741802,9.40662945621981e-06
18/02/2025,0.000990955370070506,1.91142852860042e-05
19/02/2025,0.00455760114976661,1.18036859405299e-05
20/02/2025,-0.00159952395550199,2.53525370581518e-05
21/02/2025,-0.0167768976247229,3.27391907667491e-05
24/02/2025,-0.00802957628281414,5.65311992949303e-05
25/02/2025,-0.00407836457667109,9.03817594612046e-05
26/02/2025,-0.00309084113105128,5.1234774368397e-05
27/02/2025,-0.0197991286257732,0.000118907022493219
28/02/2025,0.0144829290580904,0.000165144168980102
03/03/2025,-0.0193118242082243,0.000147365474671869
04/03/2025,-0.00400802502597535,0.000179130507525054
05/03/2025,0.00932853522538668,0.000163420499504631
06/03/2025,-0.00328672336381639,0.000179103743720583
07/03/2025,0.00802180794081253,0.000252774166966334
10/03/2025,-0.0116463978525841,0.00016109499349035
11/03/2025,-0.00478876772447527,0.000293151236531622
12/03/2025,-0.00581706805393478,0.000113340351138336
13/03/2025,-0.0121495760025833,0.000129137107598501
14/03/2025,0.0131416707435453,6.16337943597023e-05
17/03/2025,0.00650770088745133,6.95658936932887e-05
18/03/2025,-0.00599117712590209,6.83580150491339e-05
19/03/2025,0.00700319737609772,8.41931773987679e-05
20/03/2025,0.00472227070961354,8.28075200261701e-05
21/03/2025,0.0085316436431511,5.74564483316759e-05
24/03/2025,0.00546154181331827,2.44224159073604e-05
25/03/2025,0.000493257766581005,1.51481106639529e-05
26/03/2025,-0.0105907801606878,3.77781708250266e-05
27/03/2025,-0.000570068529916713,7.26878229962635e-05
28/03/2025,-0.0167299001538746,6.20951013462696e-05
31/03/2025,0.0173435558780999,0.000145302731518191
01/04/2025,0.00646130866631112,9.35237036651278e-05
02/04/2025,0.0175863603213106,0.000117602164094682
03/04/2025,-0.013208736095315,0.000135958220863902
04/04/2025,-0.0350139747314294,0.0008187367078131
07/04/2025,0.0314113421544311,0.0041347835890982
08/04/2025,-0.0493860412215996,0.00083868820381808
09/04/2025,0.0967149222111844,0.00207470937576518
10/04/2025,-0.0115342270260706,0.00116817780473263
11/04/2025,0.0205286667528815,0.000359279339014698
14/04/2025,-0.0109885145075943,0.000183217244183001
15/04/2025,-0.00403553626333909,0.000111285432817467
16/04/2025,-0.0111156762687836,0.000179952716467936
17/04/2025,-0.00187278647619885,0.000124640826420085
21/04/2025,-0.0131266331337983,7.78292972769526e-05
22/04/2025,0.0133608854601004,0.000125910405564907
23/04/2025,-0.00934142393382244,0.000177031270238702
24/04/2025,0.0178506026200868,6.15079413393527e-05
25/04/2025,0.00657016355300289,8.63308061312848e-05
28/04/2025,-0.000630956985576295,8.02003198106389e-05
29/04/2025,0.00907710801102447,7.32390178810573e-05
30/04/2025,0.0130244392507365,0.00013433166392635
01/05/2025,-0.00344912000740461,9.56997351923748e-05
02/05/2025,0.00379910683863756,4.83443088796572e-05
05/05/2025,0.0022084874450294,2.68680967045447e-05
06/05/2025,0.00188455458235234,9.73207037394421e-05
07/05/2025,0.00192749249184087,0.000166162047901139
08/05/2025,-0.0007262481626183,7.49882106861882e-05
09/05/2025,-0.00403143198690597,4.0741365299145e-05
12/05/2025,0.0023183831152164,6.0907343891043e-05
13/05/2025,0.00548675936390228,2.65425690945695e-05
14/05/2025,-0.000489738332488929,3.63162444080571e-05
15/05/2025,0.00838488984385376,3.40042688675478e-05
16/05/2025,0.00466670476712391,2.04400787687979e-05
19/05/2025,0.0190667313281086,8.76521514803941e-05
20/05/2025,-0.000214397603912802,3.10957195855219e-05
21/05/2025,-0.00928103323466649,0.000107217749425666
22/05/2025,0.000351932105163926,4.90573423169007e-05
23/05/2025,0.00560791956364892,5.31145866202017e-05
27/05/2025,0.00840206747897477,1.65622472228091e-05
28/05/2025,-0.00617699964636075,3.15848406477875e-05
29/05/2025,-0.00491490723784429,7.39896451737859e-05
30/05/2025,0.00108810932998048,6.4583164430634e-05
02/06/2025,0.00889652627889156,4.5014429331217e-05
03/06/2025,0.00616922003438928,1.36921864831303e-05
04/06/2025,-0.00154455443090773,1.51518348656159e-05
05/06/2025,-0.00795263162234297,8.08128182486337e-05
06/06/2025,0.000839409831359272,3.00634390956201e-05
09/06/2025,-0.000309739424868578,1.2703067009526e-05
10/06/2025,0.00488487095563972,1.68747695407235e-05
11/06/2025,-0.0045896361359721,4.58880669552548e-05
12/06/2025,0.00620233201002683,2.11968582687642e-05
13/06/2025,-0.00268629463236286,4.88809201457299e-05
16/06/2025,0.00396258373904389,1.88681565130494e-05
17/06/2025,-0.00408793054474751,2.52318879699626e-05
18/06/2025,-0.00158196602317849,5.03471938939383e-05
20/06/2025,-0.00651533689939174,4.76691908684276e-05
23/06/2025,0.00822485302875699,5.13848499520234e-05
24/06/2025,0.00385759760851016,1.0356219047941e-05
25/06/2025,-0.00141944433149989,1.04988776942948e-05
26/06/2025,0.00457693871757289,9.21523400592426e-06
27/06/2025,0.00321587238776131,2.18388942555853e-05
30/06/2025,0.00073981324829552,1.84491661863101e-05
01/07/2025,0.00205100815749103,2.40575875433759e-05
02/07/2025,0.00515417194376081,7.67076178198865e-06
07/07/2025,-0.00397385336506019,2.35711668104136e-05
08/07/2025,-0.00157094674748361,2.13760749982089e-05
09/07/2025,0.00199776852642018,1.38391023946093e-05
10/07/2025,0.00260471951982097,7.34817376165567e-06
11/07/2025,0.00153834440619325,1.40965162561427e-05
14/07/2025,0.00270923606592532,1.53767181018857e-05
15/07/2025,-0.00856062868601542,2.08454210669704e-05
16/07/2025,0.000780875150543003,6.65418871005395e-05
17/07/2025,0.00573540850597064,1.00420892502751e-05
18/07/2025,-0.00291162451902743,8.62778297444133e-06
21/07/2025,-3.34442887931126e-05,7.03415122041958e-06
22/07/2025,-0.000289595044364857,2.05282721635148e-05
23/07/2025,0.00401638334986241,1.32953423194042e-05
24/07/2025,-0.000310561520894552,9.51905173034255e-06
25/07/2025,0.0032097720921356,3.82988364304484e-06
28/07/2025,-0.00068553301901045,6.16825246906865e-06
29/07/2025,-0.00485639837719422,1.24466009542796e-05
30/07/2025,-0.00239754745841109,3.39940043317004e-05
